{
  "version": "S143-v1",
  "workspace": {
    "slug": "dataminr",
    "name": "Dataminr",
    "id": "2ec3c06a-c3f4-4ccd-9838-ebfc647dc220"
  },
  "summary": {
    "n_total": 9,
    "n_with_fingerprint": 9,
    "n_extractable": 9
  },
  "axes_normalized": {
    "accounts": {
      "n": 9,
      "mean": 0.8517777777777777,
      "stdev": 0.29411935408001366,
      "min": 0.333,
      "max": 1.0,
      "p10": 0.333,
      "p50": 1.0,
      "p90": 1.0,
      "hist": [
        0,
        0,
        0,
        2,
        0,
        0,
        0,
        0,
        0,
        7
      ],
      "pct_zero": 0.0,
      "pct_saturated": 77.77777777777777
    },
    "platforms": {
      "n": 9,
      "mean": 0.8888888888888888,
      "stdev": 0.22047927592204922,
      "min": 0.5,
      "max": 1.0,
      "p10": 0.5,
      "p50": 1.0,
      "p90": 1.0,
      "hist": [
        0,
        0,
        0,
        0,
        0,
        2,
        0,
        0,
        0,
        7
      ],
      "pct_zero": 0.0,
      "pct_saturated": 77.77777777777777
    },
    "username_reuse": {
      "n": 9,
      "mean": 0.5111111111111111,
      "stdev": 0.348010216963685,
      "min": 0.2,
      "max": 1.0,
      "p10": 0.2,
      "p50": 0.4,
      "p90": 1.0,
      "hist": [
        0,
        0,
        4,
        0,
        1,
        1,
        0,
        0,
        1,
        2
      ],
      "pct_zero": 0.0,
      "pct_saturated": 22.22222222222222
    },
    "breaches": {
      "n": 9,
      "mean": 0.5111111111111111,
      "stdev": 0.30184617127124724,
      "min": 0.0,
      "max": 0.8,
      "p10": 0.0,
      "p50": 0.6,
      "p90": 0.8,
      "hist": [
        2,
        0,
        0,
        0,
        0,
        5,
        0,
        0,
        2,
        0
      ],
      "pct_zero": 22.22222222222222,
      "pct_saturated": 0.0
    },
    "geo_spread": {
      "n": 9,
      "mean": 0.5477777777777778,
      "stdev": 0.1706442042509632,
      "min": 0.41,
      "max": 0.85,
      "p10": 0.41,
      "p50": 0.45,
      "p90": 0.85,
      "hist": [
        0,
        0,
        0,
        0,
        5,
        1,
        0,
        2,
        1,
        0
      ],
      "pct_zero": 0.0,
      "pct_saturated": 0.0
    },
    "data_leaked": {
      "n": 9,
      "mean": 0.16666666666666666,
      "stdev": 0.3365728004459065,
      "min": 0.0,
      "max": 1.0,
      "p10": 0.0,
      "p50": 0.0,
      "p90": 1.0,
      "hist": [
        6,
        1,
        0,
        1,
        0,
        0,
        0,
        0,
        0,
        1
      ],
      "pct_zero": 66.66666666666667,
      "pct_saturated": 11.11111111111111
    },
    "email_age": {
      "n": 9,
      "mean": 0.7777777777777778,
      "stdev": 0.44095855184409843,
      "min": 0.0,
      "max": 1.0,
      "p10": 0.0,
      "p50": 1.0,
      "p90": 1.0,
      "hist": [
        2,
        0,
        0,
        0,
        0,
        0,
        0,
        0,
        0,
        7
      ],
      "pct_zero": 22.22222222222222,
      "pct_saturated": 77.77777777777777
    },
    "security": {
      "n": 9,
      "mean": 0.0,
      "stdev": 0.0,
      "min": 0.0,
      "max": 0.0,
      "p10": 0.0,
      "p50": 0.0,
      "p90": 0.0,
      "hist": [
        9,
        0,
        0,
        0,
        0,
        0,
        0,
        0,
        0,
        0
      ],
      "pct_zero": 100.0,
      "pct_saturated": 0.0
    },
    "public_exposure": {
      "n": 9,
      "mean": 0.027777777777777776,
      "stdev": 0.08333333333333333,
      "min": 0.0,
      "max": 0.25,
      "p10": 0.0,
      "p50": 0.0,
      "p90": 0.25,
      "hist": [
        8,
        0,
        1,
        0,
        0,
        0,
        0,
        0,
        0,
        0
      ],
      "pct_zero": 88.88888888888889,
      "pct_saturated": 0.0
    }
  },
  "axes_raw": {
    "accounts": {
      "n": 9,
      "mean": 26.333333333333332,
      "stdev": 14.38749456993816,
      "min": 5.0,
      "max": 50.0,
      "p10": 5.0,
      "p50": 28.0,
      "p90": 50.0,
      "hist": [
        0,
        0,
        0,
        2,
        0,
        0,
        0,
        0,
        0,
        7
      ],
      "pct_at_max": 77.77777777777777
    },
    "platforms": {
      "n": 9,
      "mean": 19.11111111111111,
      "stdev": 11.263263785915303,
      "min": 5.0,
      "max": 40.0,
      "p10": 5.0,
      "p50": 17.0,
      "p90": 40.0,
      "hist": [
        0,
        0,
        0,
        0,
        0,
        2,
        0,
        0,
        0,
        7
      ],
      "pct_at_max": 77.77777777777777
    },
    "username_reuse": {
      "n": 9,
      "mean": 2.888888888888889,
      "stdev": 2.3154073315749675,
      "min": 1.0,
      "max": 7.0,
      "p10": 1.0,
      "p50": 2.0,
      "p90": 7.0,
      "hist": [
        0,
        0,
        4,
        0,
        1,
        0,
        1,
        0,
        1,
        2
      ],
      "pct_at_max": 22.22222222222222
    },
    "breaches": {
      "n": 9,
      "mean": 2.5555555555555554,
      "stdev": 1.509230856356236,
      "min": 0.0,
      "max": 4.0,
      "p10": 0.0,
      "p50": 3.0,
      "p90": 4.0,
      "hist": [
        2,
        0,
        0,
        0,
        0,
        0,
        5,
        0,
        2,
        0
      ],
      "pct_at_max": 0.0
    },
    "geo_spread": {
      "n": 9,
      "mean": 2.738888888888889,
      "stdev": 0.8532210212548159,
      "min": 2.05,
      "max": 4.25,
      "p10": 2.05,
      "p50": 2.25,
      "p90": 4.25,
      "hist": [
        0,
        0,
        0,
        0,
        5,
        1,
        0,
        2,
        1,
        0
      ],
      "pct_at_max": 0.0
    },
    "data_leaked": {
      "n": 9,
      "mean": 1.6666666666666667,
      "stdev": 3.640054944640259,
      "min": 0.0,
      "max": 11.0,
      "p10": 0.0,
      "p50": 0.0,
      "p90": 11.0,
      "hist": [
        6,
        1,
        0,
        1,
        0,
        0,
        0,
        0,
        0,
        1
      ],
      "pct_at_max": 11.11111111111111
    },
    "email_age": {
      "n": 9,
      "mean": 12.933333333333334,
      "stdev": 7.3328030111274645,
      "min": 0.0,
      "max": 16.8,
      "p10": 0.0,
      "p50": 16.6,
      "p90": 16.8,
      "hist": [
        2,
        0,
        0,
        0,
        0,
        0,
        0,
        0,
        0,
        7
      ],
      "pct_at_max": 77.77777777777777
    },
    "security": {
      "n": 9,
      "mean": 0.0,
      "stdev": 0.0,
      "min": 0.0,
      "max": 0.0,
      "p10": 0.0,
      "p50": 0.0,
      "p90": 0.0,
      "hist": [
        9,
        0,
        0,
        0,
        0,
        0,
        0,
        0,
        0,
        0
      ],
      "pct_at_max": 0.0
    },
    "public_exposure": {
      "n": 9,
      "mean": 0.027777777777777776,
      "stdev": 0.08333333333333333,
      "min": 0.0,
      "max": 0.25,
      "p10": 0.0,
      "p50": 0.0,
      "p90": 0.25,
      "hist": [
        8,
        0,
        1,
        0,
        0,
        0,
        0,
        0,
        0,
        0
      ],
      "pct_at_max": 0.0
    }
  },
  "rich_targets": {
    "3": 9,
    "5": 7,
    "7": 4,
    "9": 0
  },
  "similarity": {
    "total_pairs": 36,
    "mean": 0.8586722222222223,
    "stdev": 0.10750147802601497,
    "above": {
      "0.5": {
        "count": 36,
        "pct": 100.0
      },
      "0.6": {
        "count": 36,
        "pct": 100.0
      },
      "0.7": {
        "count": 33,
        "pct": 91.66666666666667
      },
      "0.8": {
        "count": 22,
        "pct": 61.111111111111114
      },
      "0.9": {
        "count": 18,
        "pct": 50.0
      }
    },
    "hist": [
      0,
      0,
      0,
      0,
      0,
      0,
      3,
      11,
      4,
      18
    ]
  },
  "top_pairs": [
    {
      "rank": 1,
      "sim": 0.9998,
      "a": {
        "id": "5f1ef9f7-3430-4761-bb78-41297a2d5d68",
        "email": "regina.bonsu@dataminr.com"
      },