{
  "version": "S143-v1",
  "workspace": {
    "slug": "ferrero",
    "name": "Ferrero",
    "id": "1d6f7b40-b038-4403-a54b-c8a32c026f95"
  },
  "summary": {
    "n_total": 14,
    "n_with_fingerprint": 2,
    "n_extractable": 2
  },
  "axes_normalized": {
    "accounts": {
      "n": 2,
      "mean": 0.5,
      "stdev": 0.04666904755831214,
      "min": 0.467,
      "max": 0.533,
      "p10": 0.4208,
      "p50": 0.5,
      "p90": 0.5791999999999999,
      "hist": [
        0,
        0,
        0,
        0,
        1,
        1,
        0,
        0,
        0,
        0
      ],
      "pct_zero": 0.0,
      "pct_saturated": 0.0
    },
    "platforms": {
      "n": 2,
      "mean": 0.38,
      "stdev": 0.0848528137423857,
      "min": 0.32,
      "max": 0.44,
      "p10": 0.23600000000000004,
      "p50": 0.38,
      "p90": 0.524,
      "hist": [
        0,
        0,
        0,
        1,
        1,
        0,
        0,
        0,
        0,
        0
      ],
      "pct_zero": 0.0,
      "pct_saturated": 0.0
    },
    "username_reuse": {
      "n": 2,
      "mean": 0.4,
      "stdev": 0.282842712474619,
      "min": 0.2,
      "max": 0.6,
      "p10": -0.07999999999999999,
      "p50": 0.4,
      "p90": 0.8799999999999999,
      "hist": [
        0,
        0,
        1,
        0,
        0,
        1,
        0,
        0,
        0,
        0
      ],
      "pct_zero": 0.0,
      "pct_saturated": 0.0
    },
    "breaches": {
      "n": 2,
      "mean": 0.8,
      "stdev": 0.0,
      "min": 0.8,
      "max": 0.8,
      "p10": 0.8,
      "p50": 0.8,
      "p90": 0.8,
      "hist": [
        0,
        0,
        0,
        0,
        0,
        0,
        0,
        0,
        2,
        0
      ],
      "pct_zero": 0.0,
      "pct_saturated": 0.0
    },
    "geo_spread": {
      "n": 2,
      "mean": 0.48,
      "stdev": 0.24041630560342617,
      "min": 0.31,
      "max": 0.65,
      "p10": 0.07199999999999998,
      "p50": 0.48,
      "p90": 0.8880000000000001,
      "hist": [
        0,
        0,
        0,
        1,
        0,
        0,
        1,
        0,
        0,
        0
      ],
      "pct_zero": 0.0,
      "pct_saturated": 0.0
    },
    "data_leaked": {
      "n": 2,
      "mean": 0.38,
      "stdev": 0.5374011537017761,
      "min": 0.0,
      "max": 0.76,
      "p10": -0.532,
      "p50": 0.38,
      "p90": 1.292,
      "hist": [
        1,
        0,
        0,
        0,
        0,
        0,
        0,
        1,
        0,
        0
      ],
      "pct_zero": 50.0,
      "pct_saturated": 0.0
    },
    "email_age": {
      "n": 2,
      "mean": 0.275,
      "stdev": 0.38890872965260115,
      "min": 0.0,
      "max": 0.55,
      "p10": -0.38500000000000006,
      "p50": 0.275,
      "p90": 0.9350000000000002,
      "hist": [
        1,
        0,
        0,
        0,
        0,
        1,
        0,
        0,
        0,
        0
      ],
      "pct_zero": 50.0,
      "pct_saturated": 0.0
    },
    "security": {
      "n": 2,
      "mean": 0.5,
      "stdev": 0.3535533905932738,
      "min": 0.25,
      "max": 0.75,
      "p10": -0.1,
      "p50": 0.5,
      "p90": 1.1,
      "hist": [
        0,
        0,
        1,
        0,
        0,
        0,
        0,
        1,
        0,
        0
      ],
      "pct_zero": 0.0,
      "pct_saturated": 0.0
    },
    "public_exposure": {
      "n": 2,
      "mean": 0.0,
      "stdev": 0.0,
      "min": 0.0,
      "max": 0.0,
      "p10": 0.0,
      "p50": 0.0,
      "p90": 0.0,
      "hist": [
        2,
        0,
        0,
        0,
        0,
        0,
        0,
        0,
        0,
        0
      ],
      "pct_zero": 100.0,
      "pct_saturated": 0.0
    },
    "formal_records": {
      "n": 2,
      "mean": 0.0,
      "stdev": 0.0,
      "min": 0.0,
      "max": 0.0,
      "p10": 0.0,
      "p50": 0.0,
      "p90": 0.0,
      "hist": [
        2,
        0,
        0,
        0,
        0,
        0,
        0,
        0,
        0,
        0
      ],
      "pct_zero": 100.0,
      "pct_saturated": 0.0
    }
  },
  "axes_raw": {
    "accounts": {
      "n": 2,
      "mean": 30.0,
      "stdev": 2.8284271247461903,
      "min": 28.0,
      "max": 32.0,
      "p10": 25.2,
      "p50": 30.0,
      "p90": 34.8,
      "hist": [
        0,
        0,
        0,
        0,
        1,
        1,
        0,
        0,
        0,
        0
      ],
      "pct_at_max": 0.0
    },
    "platforms": {
      "n": 2,
      "mean": 19.0,
      "stdev": 4.242640687119285,
      "min": 16.0,
      "max": 22.0,
      "p10": 11.8,
      "p50": 19.0,
      "p90": 26.2,
      "hist": [
        0,
        0,
        0,
        1,
        1,
        0,
        0,
        0,
        0,
        0
      ],
      "pct_at_max": 0.0
    },
    "username_reuse": {
      "n": 2,
      "mean": 4.0,
      "stdev": 2.8284271247461903,
      "min": 2.0,
      "max": 6.0,
      "p10": -0.8,
      "p50": 4.0,
      "p90": 8.8,
      "hist": [
        0,
        0,
        1,
        0,
        0,
        0,
        1,
        0,
        0,
        0
      ],
      "pct_at_max": 0.0
    },
    "breaches": {
      "n": 2,
      "mean": 4.0,
      "stdev": 0.0,
      "min": 4.0,
      "max": 4.0,
      "p10": 4.0,
      "p50": 4.0,
      "p90": 4.0,
      "hist": [
        0,
        0,
        0,
        0,
        0,
        0,
        0,
        0,
        2,
        0
      ],
      "pct_at_max": 0.0
    },
    "geo_spread": {
      "n": 2,
      "mean": 2.4,
      "stdev": 1.2020815280171309,
      "min": 1.55,
      "max": 3.25,
      "p10": 0.36000000000000015,
      "p50": 2.4,
      "p90": 4.4399999999999995,
      "hist": [
        0,
        0,
        0,
        1,
        0,
        0,
        1,
        0,
        0,
        0
      ],
      "pct_at_max": 0.0
    },
    "data_leaked": {
      "n": 2,
      "mean": 9.5,
      "stdev": 13.435028842544403,
      "min": 0.0,
      "max": 19.0,
      "p10": -13.3,
      "p50": 9.5,
      "p90": 32.3,
      "hist": [
        1,
        0,
        0,
        0,
        0,
        0,
        0,
        1,
        0,
        0
      ],
      "pct_at_max": 0.0
    },
    "email_age": {
      "n": 2,
      "mean": 11.0,
      "stdev": 15.556349186104045,
      "min": 0.0,
      "max": 22.0,
      "p10": -15.4,
      "p50": 11.0,
      "p90": 37.4,
      "hist": [
        1,
        0,
        0,
        0,
        0,
        1,
        0,
        0,
        0,
        0
      ],
      "pct_at_max": 0.0
    },
    "security": {
      "n": 2,
      "mean": 2.0,
      "stdev": 1.4142135623730951,
      "min": 1.0,
      "max": 3.0,
      "p10": -0.4,
      "p50": 2.0,
      "p90": 4.4,
      "hist": [
        0,
        0,
        1,
        0,
        0,
        0,
        0,
        1,
        0,
        0
      ],
      "pct_at_max": 0.0
    },
    "public_exposure": {
      "n": 2,
      "mean": 0.0,
      "stdev": 0.0,
      "min": 0.0,
      "max": 0.0,
      "p10": 0.0,
      "p50": 0.0,
      "p90": 0.0,
      "hist": [
        2,
        0,
        0,
        0,
        0,
        0,
        0,
        0,
        0,
        0
      ],
      "pct_at_max": 0.0
    },
    "formal_records": {
      "n": 2,
      "mean": 0.0,
      "stdev": 0.0,
      "min": 0.0,
      "max": 0.0,
      "p10": 0.0,
      "p50": 0.0,
      "p90": 0.0,
      "hist": [
        2,
        0,
        0,
        0,
        0,
        0,
        0,
        0,
        0,
        0
      ],
      "pct_at_max": 0.0
    }
  },
  "rich_targets": {
    "3": 2,
    "5": 2,
    "7": 1,
    "9": 0
  },
  "similarity": {
    "total_pairs": 1,
    "mean": 0.7277,
    "stdev": 0.0,
    "above": {
      "0.5": {
        "count": 1,
        "pct": 100.0
      },
      "0.6": {
        "count": 1,
        "pct": 100.0
      },
      "0.7": {
        "count": 1,
        "pct": 100.0
      },
      "0.8": {
        "count": 0,
        "pct": 0.0
      },