{
  "version": "S143-v1",
  "workspace": {
    "slug": "threatconnect-cs",
    "name": "Threatconnect CS",
    "id": "bde2184b-7ab7-4a29-83b3-958033ad809d"
  },
  "summary": {
    "n_total": 12,
    "n_with_fingerprint": 12,
    "n_extractable": 12
  },
  "axes_normalized": {
    "accounts": {
      "n": 12,
      "mean": 0.38183333333333336,
      "stdev": 0.2658655960283601,
      "min": 0.067,
      "max": 0.933,
      "p10": 0.0718,
      "p50": 0.383,
      "p90": 0.8280000000000001,
      "hist": [
        2,
        3,
        1,
        0,
        1,
        4,
        0,
        0,
        0,
        1
      ],
      "pct_zero": 0.0,
      "pct_saturated": 0.0
    },
    "platforms": {
      "n": 12,
      "mean": 0.375,
      "stdev": 0.2584041936051489,
      "min": 0.08,
      "max": 0.9,
      "p10": 0.08,
      "p50": 0.39,
      "p90": 0.8039999999999999,
      "hist": [
        2,
        3,
        1,
        0,
        0,
        5,
        0,
        0,
        0,
        1
      ],
      "pct_zero": 0.0,
      "pct_saturated": 0.0
    },
    "username_reuse": {
      "n": 12,
      "mean": 0.125,
      "stdev": 0.0621581560508061,
      "min": 0.1,
      "max": 0.3,
      "p10": 0.1,
      "p50": 0.1,
      "p90": 0.27,
      "hist": [
        0,
        10,
        2,
        0,
        0,
        0,
        0,
        0,
        0,
        0
      ],
      "pct_zero": 0.0,
      "pct_saturated": 0.0
    },
    "breaches": {
      "n": 12,
      "mean": 0.4166666666666667,
      "stdev": 0.21672493389016634,
      "min": 0.0,
      "max": 0.6,
      "p10": 0.0,
      "p50": 0.4,
      "p90": 0.6,
      "hist": [
        2,
        0,
        0,
        0,
        5,
        5,
        0,
        0,
        0,
        0
      ],
      "pct_zero": 16.666666666666668,
      "pct_saturated": 0.0
    },
    "geo_spread": {
      "n": 12,
      "mean": 0.47250000000000003,
      "stdev": 0.21054582744510864,
      "min": 0.25,
      "max": 1.0,
      "p10": 0.26799999999999996,
      "p50": 0.45,
      "p90": 0.8949999999999999,
      "hist": [
        0,
        0,
        1,
        4,
        2,
        2,
        2,
        0,
        0,
        1
      ],
      "pct_zero": 0.0,
      "pct_saturated": 8.333333333333334
    },
    "data_leaked": {
      "n": 12,
      "mean": 0.043333333333333335,
      "stdev": 0.052454886822060266,
      "min": 0.0,
      "max": 0.16,
      "p10": 0.0,
      "p50": 0.04,
      "p90": 0.148,
      "hist": [
        10,
        2,
        0,
        0,
        0,
        0,
        0,
        0,
        0,
        0
      ],
      "pct_zero": 41.666666666666664,
      "pct_saturated": 0.0
    },
    "email_age": {
      "n": 12,
      "mean": 0.14975,
      "stdev": 0.17554285930947308,
      "min": 0.0,
      "max": 0.46,
      "p10": 0.0,
      "p50": 0.05,
      "p90": 0.42400000000000004,
      "hist": [
        6,
        1,
        2,
        2,
        1,
        0,
        0,
        0,
        0,
        0
      ],
      "pct_zero": 50.0,
      "pct_saturated": 0.0
    },
    "security": {
      "n": 12,
      "mean": 0.0625,
      "stdev": 0.21650635094610965,
      "min": 0.0,
      "max": 0.75,
      "p10": 0.0,
      "p50": 0.0,
      "p90": 0.525,
      "hist": [
        11,
        0,
        0,
        0,
        0,
        0,
        0,
        1,
        0,
        0
      ],
      "pct_zero": 91.66666666666667,
      "pct_saturated": 0.0
    },
    "public_exposure": {
      "n": 12,
      "mean": 0.04016666666666667,
      "stdev": 0.09388758590931384,
      "min": 0.0,
      "max": 0.25,
      "p10": 0.0,
      "p50": 0.0,
      "p90": 0.2446,
      "hist": [
        10,
        0,
        2,
        0,
        0,
        0,
        0,
        0,
        0,
        0
      ],
      "pct_zero": 83.33333333333333,
      "pct_saturated": 0.0
    },
    "formal_records": {
      "n": 12,
      "mean": 0.0,
      "stdev": 0.0,
      "min": 0.0,
      "max": 0.0,
      "p10": 0.0,
      "p50": 0.0,
      "p90": 0.0,
      "hist": [
        12,
        0,
        0,
        0,
        0,
        0,
        0,
        0,
        0,
        0
      ],
      "pct_zero": 100.0,
      "pct_saturated": 0.0
    },
    "network_signature": {
      "n": 12,
      "mean": 0.06891666666666667,
      "stdev": 0.23873433630991023,
      "min": 0.0,
      "max": 0.827,
      "p10": 0.0,
      "p50": 0.0,
      "p90": 0.5789,
      "hist": [
        11,
        0,
        0,
        0,
        0,
        0,
        0,
        0,
        1,
        0
      ],
      "pct_zero": 91.66666666666667,
      "pct_saturated": 0.0
    }
  },
  "axes_raw": {
    "accounts": {
      "n": 12,
      "mean": 22.916666666666668,
      "stdev": 15.95709208718142,
      "min": 4.0,
      "max": 56.0,
      "p10": 4.3,
      "p50": 23.0,
      "p90": 49.7,
      "hist": [
        2,
        3,
        1,
        0,
        1,
        4,
        0,
        0,
        0,
        1
      ],
      "pct_at_max": 0.0
    },
    "platforms": {
      "n": 12,
      "mean": 18.75,
      "stdev": 12.920209680257445,
      "min": 4.0,
      "max": 45.0,
      "p10": 4.0,
      "p50": 19.5,
      "p90": 40.2,
      "hist": [
        2,
        3,
        1,
        0,
        0,
        5,
        0,
        0,
        0,
        1
      ],
      "pct_at_max": 0.0
    },
    "username_reuse": {
      "n": 12,
      "mean": 1.25,
      "stdev": 0.621581560508061,
      "min": 1.0,
      "max": 3.0,
      "p10": 1.0,
      "p50": 1.0,
      "p90": 2.7,
      "hist": [
        0,
        10,
        1,
        1,
        0,
        0,
        0,
        0,
        0,
        0
      ],
      "pct_at_max": 0.0
    },
    "breaches": {
      "n": 12,
      "mean": 2.0833333333333335,
      "stdev": 1.0836246694508316,
      "min": 0.0,
      "max": 3.0,
      "p10": 0.0,
      "p50": 2.0,
      "p90": 3.0,
      "hist": [
        2,
        0,
        0,
        0,
        5,
        0,
        5,
        0,
        0,
        0
      ],
      "pct_at_max": 0.0
    },
    "geo_spread": {
      "n": 12,
      "mean": 2.3833333333333333,
      "stdev": 1.1105554165971787,
      "min": 1.25,
      "max": 5.25,
      "p10": 1.34,
      "p50": 2.25,
      "p90": 4.65,
      "hist": [
        0,
        0,
        1,
        4,
        2,
        2,
        2,
        0,
        0,
        1
      ],
      "pct_at_max": 8.333333333333334
    },
    "data_leaked": {
      "n": 12,
      "mean": 1.0833333333333333,
      "stdev": 1.3113721705515067,
      "min": 0.0,
      "max": 4.0,
      "p10": 0.0,
      "p50": 1.0,
      "p90": 3.7,
      "hist": [
        10,
        2,
        0,
        0,
        0,
        0,
        0,
        0,
        0,
        0
      ],
      "pct_at_max": 0.0
    },
    "email_age": {
      "n": 12,
      "mean": 5.991666666666666,
      "stdev": 7.023138165874974,
      "min": 0.0,
      "max": 18.4,
      "p10": 0.0,
      "p50": 2.0,
      "p90": 16.959999999999997,
      "hist": [
        6,
        1,
        2,
        2,
        1,
        0,
        0,
        0,
        0,
        0
      ],
      "pct_at_max": 0.0
    },
    "security": {
      "n": 12,
      "mean": 0.25,
      "stdev": 0.8660254037844386,
      "min": 0.0,
      "max": 3.0,
      "p10": 0.0,
      "p50": 0.0,
      "p90": 2.1,
      "hist": [
        11,
        0,
        0,
        0,
        0,
        0,
        0,
        1,
        0,
        0
      ],
      "pct_at_max": 0.0
    },
    "public_exposure": {
      "n": 12,
      "mean": 0.04016666666666667,
      "stdev": 0.09388758590931384,
      "min": 0.0,
      "max": 0.25,
      "p10": 0.0,
      "p50": 0.0,
      "p90": 0.2446,
      "hist": [
        10,
        0,
        2,
        0,
        0,
        0,
        0,
        0,
        0,
        0
      ],
      "pct_at_max": 0.0
    },
    "formal_records": {
      "n": 12,
      "mean": 0.0,