{
  "version": "S143-v1",
  "workspace": {
    "slug": "nexus-2026",
    "name": "Nexus 2026",
    "id": "6e74ecc2-1081-4486-9b45-431fa5d68071"
  },
  "summary": {
    "n_total": 21,
    "n_with_fingerprint": 19,
    "n_extractable": 19
  },
  "axes_normalized": {
    "accounts": {
      "n": 19,
      "mean": 0.5140526315789474,
      "stdev": 0.1300390854423779,
      "min": 0.083,
      "max": 0.633,
      "p10": 0.367,
      "p50": 0.55,
      "p90": 0.633,
      "hist": [
        1,
        0,
        0,
        1,
        3,
        9,
        5,
        0,
        0,
        0
      ],
      "pct_zero": 0.0,
      "pct_saturated": 0.0
    },
    "platforms": {
      "n": 19,
      "mean": 0.3157894736842105,
      "stdev": 0.05600751829230749,
      "min": 0.1,
      "max": 0.38,
      "p10": 0.28,
      "p50": 0.32,
      "p90": 0.36,
      "hist": [
        0,
        1,
        1,
        17,
        0,
        0,
        0,
        0,
        0,
        0
      ],
      "pct_zero": 0.0,
      "pct_saturated": 0.0
    },
    "username_reuse": {
      "n": 19,
      "mean": 0.531578947368421,
      "stdev": 0.1857496271237393,
      "min": 0.1,
      "max": 0.7,
      "p10": 0.2,
      "p50": 0.6,
      "p90": 0.7,
      "hist": [
        0,
        1,
        3,
        0,
        0,
        11,
        4,
        0,
        0,
        0
      ],
      "pct_zero": 0.0,
      "pct_saturated": 0.0
    },
    "breaches": {
      "n": 19,
      "mean": 0.6421052631578947,
      "stdev": 0.18353258709644943,
      "min": 0.0,
      "max": 0.8,
      "p10": 0.6,
      "p50": 0.6,
      "p90": 0.8,
      "hist": [
        1,
        0,
        0,
        0,
        0,
        11,
        0,
        0,
        7,
        0
      ],
      "pct_zero": 5.2631578947368425,
      "pct_saturated": 0.0
    },
    "geo_spread": {
      "n": 19,
      "mean": 0.3126315789473684,
      "stdev": 0.02940939102908719,
      "min": 0.25,
      "max": 0.42,
      "p10": 0.31,
      "p50": 0.31,
      "p90": 0.31,
      "hist": [
        0,
        0,
        1,
        17,
        1,
        0,
        0,
        0,
        0,
        0
      ],
      "pct_zero": 0.0,
      "pct_saturated": 0.0
    },
    "data_leaked": {
      "n": 19,
      "mean": 0.0736842105263158,
      "stdev": 0.09358362429849629,
      "min": 0.0,
      "max": 0.36,
      "p10": 0.0,
      "p50": 0.04,
      "p90": 0.28,
      "hist": [
        16,
        1,
        1,
        1,
        0,
        0,
        0,
        0,
        0,
        0
      ],
      "pct_zero": 21.05263157894737,
      "pct_saturated": 0.0
    },
    "email_age": {
      "n": 19,
      "mean": 0.05505263157894737,
      "stdev": 0.1122202564821177,
      "min": 0.0,
      "max": 0.352,
      "p10": 0.0,
      "p50": 0.0,
      "p90": 0.323,
      "hist": [
        15,
        2,
        0,
        2,
        0,
        0,
        0,
        0,
        0,
        0
      ],
      "pct_zero": 68.42105263157895,
      "pct_saturated": 0.0
    },
    "security": {
      "n": 19,
      "mean": 0.18421052631578946,
      "stdev": 0.27439460209854477,
      "min": 0.0,
      "max": 0.75,
      "p10": 0.0,
      "p50": 0.0,
      "p90": 0.75,
      "hist": [
        11,
        0,
        5,
        0,
        0,
        0,
        0,
        3,
        0,
        0
      ],
      "pct_zero": 57.89473684210526,
      "pct_saturated": 0.0
    },
    "public_exposure": {
      "n": 19,
      "mean": 0.060526315789473685,
      "stdev": 0.11969747440993464,
      "min": 0.0,
      "max": 0.35,
      "p10": 0.0,
      "p50": 0.0,
      "p90": 0.35,
      "hist": [
        14,
        2,
        1,
        2,
        0,
        0,
        0,
        0,
        0,
        0
      ],
      "pct_zero": 73.6842105263158,
      "pct_saturated": 0.0
    },
    "formal_records": {
      "n": 19,
      "mean": 0.0,
      "stdev": 0.0,
      "min": 0.0,
      "max": 0.0,
      "p10": 0.0,
      "p50": 0.0,
      "p90": 0.0,
      "hist": [
        19,
        0,
        0,
        0,
        0,
        0,
        0,
        0,
        0,
        0
      ],
      "pct_zero": 100.0,
      "pct_saturated": 0.0
    },
    "network_signature": {
      "n": 19,
      "mean": 0.8247368421052631,
      "stdev": 0.007837531536446616,
      "min": 0.81,
      "max": 0.837,
      "p10": 0.813,
      "p50": 0.829,
      "p90": 0.8320000000000001,
      "hist": [
        0,
        0,
        0,
        0,
        0,
        0,
        0,
        0,
        19,
        0
      ],
      "pct_zero": 0.0,
      "pct_saturated": 0.0
    }
  },
  "axes_raw": {
    "accounts": {
      "n": 19,
      "mean": 30.842105263157894,
      "stdev": 7.805006640289985,
      "min": 5.0,
      "max": 38.0,
      "p10": 22.0,
      "p50": 33.0,
      "p90": 38.0,
      "hist": [
        1,
        0,
        0,
        1,
        3,
        9,
        5,
        0,
        0,
        0
      ],
      "pct_at_max": 0.0
    },
    "platforms": {
      "n": 19,
      "mean": 15.789473684210526,
      "stdev": 2.8003759146153744,
      "min": 5.0,
      "max": 19.0,
      "p10": 14.0,
      "p50": 16.0,
      "p90": 18.0,
      "hist": [
        0,
        1,
        1,
        17,
        0,
        0,
        0,
        0,
        0,
        0
      ],
      "pct_at_max": 0.0
    },
    "username_reuse": {
      "n": 19,
      "mean": 5.315789473684211,
      "stdev": 1.857496271237393,
      "min": 1.0,
      "max": 7.0,
      "p10": 2.0,
      "p50": 6.0,
      "p90": 7.0,
      "hist": [
        0,
        1,
        2,
        1,
        0,
        1,
        10,
        4,
        0,
        0
      ],
      "pct_at_max": 0.0
    },
    "breaches": {
      "n": 19,
      "mean": 3.210526315789474,
      "stdev": 0.9176629354822471,
      "min": 0.0,
      "max": 4.0,
      "p10": 3.0,
      "p50": 3.0,
      "p90": 4.0,
      "hist": [
        1,
        0,
        0,
        0,
        0,
        0,
        11,
        0,
        7,
        0
      ],
      "pct_at_max": 0.0
    },
    "geo_spread": {
      "n": 19,
      "mean": 1.563157894736842,
      "stdev": 0.14704695514543598,
      "min": 1.25,
      "max": 2.1,
      "p10": 1.55,
      "p50": 1.55,
      "p90": 1.55,
      "hist": [
        0,
        0,
        1,
        17,
        1,
        0,
        0,
        0,
        0,
        0
      ],
      "pct_at_max": 0.0
    },
    "data_leaked": {
      "n": 19,
      "mean": 1.8421052631578947,
      "stdev": 2.3395906074624073,
      "min": 0.0,
      "max": 9.0,
      "p10": 0.0,
      "p50": 1.0,
      "p90": 7.0,
      "hist": [
        16,
        1,
        1,
        1,
        0,
        0,
        0,
        0,
        0,
        0
      ],
      "pct_at_max": 0.0
    },
    "email_age": {
      "n": 19,
      "mean": 2.2,
      "stdev": 4.48701831212369,
      "min": 0.0,
      "max": 14.1,
      "p10": 0.0,
      "p50": 0.0,
      "p90": 12.9,
      "hist": [
        15,
        2,
        0,
        2,
        0,
        0,
        0,
        0,
        0,
        0
      ],
      "pct_at_max": 0.0
    },
    "security": {
      "n": 19,
      "mean": 0.7368421052631579,
      "stdev": 1.097578408394179,
      "min": 0.0,
      "max": 3.0,
      "p10": 0.0,
      "p50": 0.0,
      "p90": 3.0,
      "hist": [
        11,
        0,
        5,
        0,
        0,
        0,
        0,
        3,
        0,
        0
      ],
      "pct_at_max": 0.0
    },
    "public_exposure": {
      "n": 19,
      "mean": 0.060526315789473685,
      "stdev": 0.11969747440993464,
      "min": 0.0,
      "max": 0.35,
      "p10": 0.0,
      "p50": 0.0,
      "p90": 0.35,
      "hist": [
        14,
        2,
        1,
        2,
        0,
        0,
        0,
        0,
        0,
        0
      ],
      "pct_at_max": 0.0
    },
    "formal_records": {
      "n": 19,
      "mean": 0.0,
      "stdev": 0.0,
      "min": 0.0,
      "max": 0.0,