{
  "version": "S143-v1",
  "workspace": {
    "slug": "quentin",
    "name": "Quentin",
    "id": "5f632c1c-c181-4a1f-8010-531e06626847"
  },
  "summary": {
    "n_total": 30,
    "n_with_fingerprint": 30,
    "n_extractable": 30
  },
  "axes_normalized": {
    "accounts": {
      "n": 30,
      "mean": 0.9466333333333333,
      "stdev": 0.1771620110546263,
      "min": 0.267,
      "max": 1.0,
      "p10": 0.933,
      "p50": 1.0,
      "p90": 1.0,
      "hist": [
        0,
        0,
        1,
        1,
        0,
        0,
        0,
        0,
        0,
        28
      ],
      "pct_zero": 0.0,
      "pct_saturated": 83.33333333333333
    },
    "platforms": {
      "n": 30,
      "mean": 0.9633333333333334,
      "stdev": 0.14015590662158886,
      "min": 0.4,
      "max": 1.0,
      "p10": 1.0,
      "p50": 1.0,
      "p90": 1.0,
      "hist": [
        0,
        0,
        0,
        0,
        1,
        1,
        0,
        0,
        0,
        28
      ],
      "pct_zero": 0.0,
      "pct_saturated": 93.33333333333333
    },
    "username_reuse": {
      "n": 30,
      "mean": 0.44666666666666666,
      "stdev": 0.34713937709000514,
      "min": 0.0,
      "max": 1.0,
      "p10": 0.2,
      "p50": 0.2,
      "p90": 1.0,
      "hist": [
        1,
        0,
        16,
        0,
        3,
        2,
        0,
        0,
        1,
        7
      ],
      "pct_zero": 3.3333333333333335,
      "pct_saturated": 23.333333333333332
    },
    "breaches": {
      "n": 30,
      "mean": 0.6533333333333333,
      "stdev": 0.20296650536196997,
      "min": 0.0,
      "max": 0.8,
      "p10": 0.5999999999999999,
      "p50": 0.6,
      "p90": 0.8,
      "hist": [
        2,
        0,
        0,
        0,
        0,
        14,
        0,
        0,
        14,
        0
      ],
      "pct_zero": 6.666666666666667,
      "pct_saturated": 0.0
    },
    "geo_spread": {
      "n": 30,
      "mean": 0.26,
      "stdev": 0.11551981469084383,
      "min": 0.0,
      "max": 0.45,
      "p10": 0.025,
      "p50": 0.25,
      "p90": 0.45,
      "hist": [
        3,
        0,
        22,
        0,
        5,
        0,
        0,
        0,
        0,
        0
      ],
      "pct_zero": 10.0,
      "pct_saturated": 0.0
    },
    "data_leaked": {
      "n": 30,
      "mean": 0.30416666666666664,
      "stdev": 0.31942049718668414,
      "min": 0.0,
      "max": 1.0,
      "p10": 0.0,
      "p50": 0.1875,
      "p90": 0.8625,
      "hist": [
        10,
        5,
        2,
        4,
        0,
        3,
        0,
        3,
        2,
        1
      ],
      "pct_zero": 33.333333333333336,
      "pct_saturated": 3.3333333333333335
    },
    "email_age": {
      "n": 30,
      "mean": 0.8659666666666667,
      "stdev": 0.2877857780068162,
      "min": 0.0,
      "max": 1.0,
      "p10": 0.3997,
      "p50": 1.0,
      "p90": 1.0,
      "hist": [
        2,
        0,
        0,
        1,
        1,
        0,
        2,
        0,
        1,
        23
      ],
      "pct_zero": 6.666666666666667,
      "pct_saturated": 76.66666666666667
    },
    "security": {
      "n": 30,
      "mean": 0.5083333333333333,
      "stdev": 0.3248562900659341,
      "min": 0.0,
      "max": 0.75,
      "p10": 0.0,
      "p50": 0.75,
      "p90": 0.75,
      "hist": [
        7,
        0,
        3,
        0,
        0,
        2,
        0,
        18,
        0,
        0
      ],
      "pct_zero": 23.333333333333332,
      "pct_saturated": 0.0
    },
    "public_exposure": {
      "n": 30,
      "mean": 0.0,
      "stdev": 0.0,
      "min": 0.0,
      "max": 0.0,
      "p10": 0.0,
      "p50": 0.0,
      "p90": 0.0,
      "hist": [
        30,
        0,
        0,
        0,
        0,
        0,
        0,
        0,
        0,
        0
      ],
      "pct_zero": 100.0,
      "pct_saturated": 0.0
    }
  },
  "axes_raw": {
    "accounts": {
      "n": 30,
      "mean": 19.866666666666667,
      "stdev": 7.806864059068891,
      "min": 4.0,
      "max": 37.0,
      "p10": 14.0,
      "p50": 17.0,
      "p90": 31.7,
      "hist": [
        0,
        0,
        1,
        1,
        0,
        0,
        0,
        0,
        0,
        28
      ],
      "pct_at_max": 83.33333333333333
    },
    "platforms": {
      "n": 30,
      "mean": 13.6,
      "stdev": 3.046761989504539,
      "min": 4.0,
      "max": 19.0,
      "p10": 12.0,
      "p50": 14.0,
      "p90": 16.9,
      "hist": [
        0,
        0,
        0,
        0,
        1,
        1,
        0,
        0,
        0,
        28
      ],
      "pct_at_max": 93.33333333333333
    },
    "username_reuse": {
      "n": 30,
      "mean": 2.533333333333333,
      "stdev": 2.255007199825395,
      "min": 0.0,
      "max": 7.0,
      "p10": 1.0,
      "p50": 1.0,
      "p90": 6.0,
      "hist": [
        1,
        0,
        16,
        0,
        3,
        0,
        2,
        0,
        1,
        7
      ],
      "pct_at_max": 23.333333333333332
    },
    "breaches": {
      "n": 30,
      "mean": 3.2666666666666666,
      "stdev": 1.0148325268098497,
      "min": 0.0,
      "max": 4.0,
      "p10": 3.0,
      "p50": 3.0,
      "p90": 4.0,
      "hist": [
        2,
        0,
        0,
        0,
        0,
        0,
        14,
        0,
        14,
        0
      ],
      "pct_at_max": 0.0
    },
    "geo_spread": {
      "n": 30,
      "mean": 1.3,
      "stdev": 0.5775990734542191,
      "min": 0.0,
      "max": 2.25,
      "p10": 0.125,
      "p50": 1.25,
      "p90": 2.25,
      "hist": [
        3,
        0,
        21,
        1,
        5,
        0,
        0,
        0,
        0,
        0
      ],
      "pct_at_max": 0.0
    },
    "data_leaked": {
      "n": 30,
      "mean": 2.7333333333333334,
      "stdev": 3.561608831871401,
      "min": 0.0,
      "max": 17.0,
      "p10": 0.0,
      "p50": 1.5,
      "p90": 6.9,
      "hist": [
        10,
        5,
        2,
        4,
        0,
        3,
        0,
        3,
        2,
        1
      ],
      "pct_at_max": 3.3333333333333335
    },
    "email_age": {
      "n": 30,
      "mean": 19.65,
      "stdev": 8.155250054307094,
      "min": 0.0,
      "max": 30.0,
      "p10": 6.0,
      "p50": 22.0,
      "p90": 29.199999999999996,
      "hist": [
        2,
        0,
        0,
        1,
        1,
        0,
        2,
        0,
        1,
        23
      ],
      "pct_at_max": 76.66666666666667
    },
    "security": {
      "n": 30,
      "mean": 2.033333333333333,
      "stdev": 1.2994251602637363,
      "min": 0.0,
      "max": 3.0,
      "p10": 0.0,
      "p50": 3.0,
      "p90": 3.0,
      "hist": [
        7,
        0,
        3,
        0,
        0,
        2,
        0,
        18,
        0,
        0
      ],
      "pct_at_max": 0.0
    },
    "public_exposure": {
      "n": 30,
      "mean": 0.0,
      "stdev": 0.0,
      "min": 0.0,
      "max": 0.0,
      "p10": 0.0,
      "p50": 0.0,
      "p90": 0.0,
      "hist": [
        30,
        0,
        0,
        0,
        0,
        0,
        0,
        0,
        0,
        0
      ],
      "pct_at_max": 0.0
    }
  },
  "rich_targets": {
    "3": 30,
    "5": 29,
    "7": 23,
    "9": 0
  },
  "similarity": {
    "total_pairs": 435,
    "mean": 0.883488275862069,
    "stdev": 0.1099401425976598,
    "above": {
      "0.5": {
        "count": 429,
        "pct": 98.62068965517241
      },
      "0.6": {
        "count": 423,
        "pct": 97.24137931034483
      },
      "0.7": {
        "count": 392,
        "pct": 90.11494252873563
      },
      "0.8": {
        "count": 372,
        "pct": 85.51724137931035
      },
      "0.9": {
        "count": 252,
        "pct": 57.93103448275862
      }
    },
    "hist": [
      0,
      0,
      0,
      0,
      6,
      6,
      31,
      20,
      120,
      252
    ]
  },
  "top_pairs": [
    {
      "rank": 1,
      "sim": 1.0,