{
  "version": "S143-v1",
  "workspace": {
    "slug": "nexus-2026",
    "name": "Nexus 2026",
    "id": "6e74ecc2-1081-4486-9b45-431fa5d68071"
  },
  "summary": {
    "n_total": 21,
    "n_with_fingerprint": 19,
    "n_extractable": 19
  },
  "axes_normalized": {
    "accounts": {
      "n": 19,
      "mean": 0.9648947368421052,
      "stdev": 0.15302029449166468,
      "min": 0.333,
      "max": 1.0,
      "p10": 1.0,
      "p50": 1.0,
      "p90": 1.0,
      "hist": [
        0,
        0,
        0,
        1,
        0,
        0,
        0,
        0,
        0,
        18
      ],
      "pct_zero": 0.0,
      "pct_saturated": 94.73684210526316
    },
    "platforms": {
      "n": 19,
      "mean": 0.9736842105263158,
      "stdev": 0.11470786693528089,
      "min": 0.5,
      "max": 1.0,
      "p10": 1.0,
      "p50": 1.0,
      "p90": 1.0,
      "hist": [
        0,
        0,
        0,
        0,
        0,
        1,
        0,
        0,
        0,
        18
      ],
      "pct_zero": 0.0,
      "pct_saturated": 94.73684210526316
    },
    "username_reuse": {
      "n": 19,
      "mean": 0.8736842105263158,
      "stdev": 0.26000449838663664,
      "min": 0.2,
      "max": 1.0,
      "p10": 0.4,
      "p50": 1.0,
      "p90": 1.0,
      "hist": [
        0,
        0,
        1,
        0,
        2,
        1,
        0,
        0,
        0,
        15
      ],
      "pct_zero": 0.0,
      "pct_saturated": 78.94736842105263
    },
    "breaches": {
      "n": 19,
      "mean": 0.6421052631578947,
      "stdev": 0.18353258709644943,
      "min": 0.0,
      "max": 0.8,
      "p10": 0.6,
      "p50": 0.6,
      "p90": 0.8,
      "hist": [
        1,
        0,
        0,
        0,
        0,
        11,
        0,
        0,
        7,
        0
      ],
      "pct_zero": 5.2631578947368425,
      "pct_saturated": 0.0
    },
    "geo_spread": {
      "n": 19,
      "mean": 0.27789473684210525,
      "stdev": 0.044544478067610006,
      "min": 0.25,
      "max": 0.42,
      "p10": 0.25,
      "p50": 0.25,
      "p90": 0.31,
      "hist": [
        0,
        0,
        12,
        6,
        1,
        0,
        0,
        0,
        0,
        0
      ],
      "pct_zero": 0.0,
      "pct_saturated": 0.0
    },
    "data_leaked": {
      "n": 19,
      "mean": 0.2236842105263158,
      "stdev": 0.2718856076105004,
      "min": 0.0,
      "max": 1.0,
      "p10": 0.0,
      "p50": 0.125,
      "p90": 0.875,
      "hist": [
        4,
        8,
        4,
        1,
        0,
        0,
        0,
        0,
        1,
        1
      ],
      "pct_zero": 21.05263157894737,
      "pct_saturated": 5.2631578947368425
    },
    "email_age": {
      "n": 19,
      "mean": 0.4434736842105263,
      "stdev": 0.44195290956051625,
      "min": 0.0,
      "max": 1.0,
      "p10": 0.0,
      "p50": 0.313,
      "p90": 1.0,
      "hist": [
        6,
        1,
        2,
        3,
        0,
        0,
        0,
        0,
        0,
        7
      ],
      "pct_zero": 26.31578947368421,
      "pct_saturated": 26.31578947368421
    },
    "security": {
      "n": 19,
      "mean": 0.18421052631578946,
      "stdev": 0.27439460209854477,
      "min": 0.0,
      "max": 0.75,
      "p10": 0.0,
      "p50": 0.0,
      "p90": 0.75,
      "hist": [
        11,
        0,
        5,
        0,
        0,
        0,
        0,
        3,
        0,
        0
      ],
      "pct_zero": 57.89473684210526,
      "pct_saturated": 0.0
    },
    "public_exposure": {
      "n": 19,
      "mean": 0.060526315789473685,
      "stdev": 0.11969747440993464,
      "min": 0.0,
      "max": 0.35,
      "p10": 0.0,
      "p50": 0.0,
      "p90": 0.35,
      "hist": [
        14,
        2,
        1,
        2,
        0,
        0,
        0,
        0,
        0,
        0
      ],
      "pct_zero": 73.6842105263158,
      "pct_saturated": 0.0
    }
  },
  "axes_raw": {
    "accounts": {
      "n": 19,
      "mean": 30.842105263157894,
      "stdev": 7.805006640289985,
      "min": 5.0,
      "max": 38.0,
      "p10": 22.0,
      "p50": 33.0,
      "p90": 38.0,
      "hist": [
        0,
        0,
        0,
        1,
        0,
        0,
        0,
        0,
        0,
        18
      ],
      "pct_at_max": 94.73684210526316
    },
    "platforms": {
      "n": 19,
      "mean": 15.789473684210526,
      "stdev": 2.8003759146153744,
      "min": 5.0,
      "max": 19.0,
      "p10": 14.0,
      "p50": 16.0,
      "p90": 18.0,
      "hist": [
        0,
        0,
        0,
        0,
        0,
        1,
        0,
        0,
        0,
        18
      ],
      "pct_at_max": 94.73684210526316
    },
    "username_reuse": {
      "n": 19,
      "mean": 5.315789473684211,
      "stdev": 1.857496271237393,
      "min": 1.0,
      "max": 7.0,
      "p10": 2.0,
      "p50": 6.0,
      "p90": 7.0,
      "hist": [
        0,
        0,
        1,
        0,
        2,
        0,
        1,
        0,
        0,
        15
      ],
      "pct_at_max": 78.94736842105263
    },
    "breaches": {
      "n": 19,
      "mean": 3.210526315789474,
      "stdev": 0.9176629354822471,
      "min": 0.0,
      "max": 4.0,
      "p10": 3.0,
      "p50": 3.0,
      "p90": 4.0,
      "hist": [
        1,
        0,
        0,
        0,
        0,
        0,
        11,
        0,
        7,
        0
      ],
      "pct_at_max": 0.0
    },
    "geo_spread": {
      "n": 19,
      "mean": 1.3894736842105264,
      "stdev": 0.22272239033805008,
      "min": 1.25,
      "max": 2.1,
      "p10": 1.25,
      "p50": 1.25,
      "p90": 1.55,
      "hist": [
        0,
        0,
        12,
        6,
        1,
        0,
        0,
        0,
        0,
        0
      ],
      "pct_at_max": 0.0
    },
    "data_leaked": {
      "n": 19,
      "mean": 1.8421052631578947,
      "stdev": 2.3395906074624073,
      "min": 0.0,
      "max": 9.0,
      "p10": 0.0,
      "p50": 1.0,
      "p90": 7.0,
      "hist": [
        4,
        8,
        4,
        1,
        0,
        0,
        0,
        0,
        1,
        1
      ],
      "pct_at_max": 5.2631578947368425
    },
    "email_age": {
      "n": 19,
      "mean": 9.8,
      "stdev": 11.367253161799663,
      "min": 0.0,
      "max": 29.2,
      "p10": 0.0,
      "p50": 4.7,
      "p90": 27.3,
      "hist": [
        6,
        1,
        2,
        3,
        0,
        0,
        0,
        0,
        0,
        7
      ],
      "pct_at_max": 26.31578947368421
    },
    "security": {
      "n": 19,
      "mean": 0.7368421052631579,
      "stdev": 1.097578408394179,
      "min": 0.0,
      "max": 3.0,
      "p10": 0.0,
      "p50": 0.0,
      "p90": 3.0,
      "hist": [
        11,
        0,
        5,
        0,
        0,
        0,
        0,
        3,
        0,
        0
      ],
      "pct_at_max": 0.0
    },
    "public_exposure": {
      "n": 19,
      "mean": 0.060526315789473685,
      "stdev": 0.11969747440993464,
      "min": 0.0,
      "max": 0.35,
      "p10": 0.0,
      "p50": 0.0,
      "p90": 0.35,
      "hist": [
        14,
        2,
        1,
        2,
        0,
        0,
        0,
        0,
        0,
        0
      ],
      "pct_at_max": 0.0
    }
  },
  "rich_targets": {
    "3": 19,
    "5": 18,
    "7": 13,
    "9": 0
  },
  "similarity": {
    "total_pairs": 171,
    "mean": 0.8954076023391813,
    "stdev": 0.07275015747373129,
    "above": {
      "0.5": {
        "count": 171,
        "pct": 100.0
      },
      "0.6": {
        "count": 171,
        "pct": 100.0
      },
      "0.7": {
        "count": 169,
        "pct": 98.83040935672514
      },
      "0.8": {
        "count": 151,
        "pct": 88.30409356725146
      },
      "0.9": {
        "count": 89,
        "pct": 52.046783625730995
      }
    },
    "hist": [
      0,
      0,
      0,
      0,
      0,
      0,
      2,
      18,
      62,
      89
    ]
  },
  "top_pairs": [
    {
      "rank": 1,
      "sim": 1.0,