{
  "version": "S143-v1",
  "workspace": {
    "slug": "threatconnect-cs",
    "name": "Threatconnect CS",
    "id": "bde2184b-7ab7-4a29-83b3-958033ad809d"
  },
  "summary": {
    "n_total": 12,
    "n_with_fingerprint": 12,
    "n_extractable": 12
  },
  "axes_normalized": {
    "accounts": {
      "n": 12,
      "mean": 0.8,
      "stdev": 0.27705529477639723,
      "min": 0.267,
      "max": 1.0,
      "p10": 0.28680000000000005,
      "p50": 1.0,
      "p90": 1.0,
      "hist": [
        0,
        0,
        1,
        1,
        0,
        1,
        1,
        1,
        0,
        7
      ],
      "pct_zero": 0.0,
      "pct_saturated": 58.333333333333336
    },
    "platforms": {
      "n": 12,
      "mean": 0.85,
      "stdev": 0.23159525823376356,
      "min": 0.4,
      "max": 1.0,
      "p10": 0.4,
      "p50": 1.0,
      "p90": 1.0,
      "hist": [
        0,
        0,
        0,
        0,
        2,
        0,
        1,
        0,
        1,
        8
      ],
      "pct_zero": 0.0,
      "pct_saturated": 58.333333333333336
    },
    "username_reuse": {
      "n": 12,
      "mean": 0.25,
      "stdev": 0.1243163121016122,
      "min": 0.2,
      "max": 0.6,
      "p10": 0.2,
      "p50": 0.2,
      "p90": 0.54,
      "hist": [
        0,
        0,
        10,
        0,
        1,
        1,
        0,
        0,
        0,
        0
      ],
      "pct_zero": 0.0,
      "pct_saturated": 0.0
    },
    "breaches": {
      "n": 12,
      "mean": 0.4166666666666667,
      "stdev": 0.21672493389016634,
      "min": 0.0,
      "max": 0.6,
      "p10": 0.0,
      "p50": 0.4,
      "p90": 0.6,
      "hist": [
        2,
        0,
        0,
        0,
        5,
        5,
        0,
        0,
        0,
        0
      ],
      "pct_zero": 16.666666666666668,
      "pct_saturated": 0.0
    },
    "geo_spread": {
      "n": 12,
      "mean": 0.5225,
      "stdev": 0.25982948954336116,
      "min": 0.25,
      "max": 1.0,
      "p10": 0.25,
      "p50": 0.45,
      "p90": 0.9550000000000001,
      "hist": [
        0,
        0,
        3,
        1,
        3,
        1,
        1,
        0,
        2,
        1
      ],
      "pct_zero": 0.0,
      "pct_saturated": 8.333333333333334
    },
    "data_leaked": {
      "n": 12,
      "mean": 0.13541666666666666,
      "stdev": 0.16392152131893833,
      "min": 0.0,
      "max": 0.5,
      "p10": 0.0,
      "p50": 0.125,
      "p90": 0.4625,
      "hist": [
        5,
        4,
        1,
        1,
        0,
        1,
        0,
        0,
        0,
        0
      ],
      "pct_zero": 41.666666666666664,
      "pct_saturated": 0.0
    },
    "email_age": {
      "n": 12,
      "mean": 0.6936666666666667,
      "stdev": 0.42023701825892434,
      "min": 0.0,
      "max": 1.0,
      "p10": 0.0,
      "p50": 0.883,
      "p90": 0.9859,
      "hist": [
        3,
        0,
        0,
        0,
        0,
        0,
        0,
        0,
        4,
        5
      ],
      "pct_zero": 25.0,
      "pct_saturated": 8.333333333333334
    },
    "security": {
      "n": 12,
      "mean": 0.0625,
      "stdev": 0.21650635094610965,
      "min": 0.0,
      "max": 0.75,
      "p10": 0.0,
      "p50": 0.0,
      "p90": 0.525,
      "hist": [
        11,
        0,
        0,
        0,
        0,
        0,
        0,
        1,
        0,
        0
      ],
      "pct_zero": 91.66666666666667,
      "pct_saturated": 0.0
    },
    "public_exposure": {
      "n": 12,
      "mean": 0.04016666666666667,
      "stdev": 0.09388758590931384,
      "min": 0.0,
      "max": 0.25,
      "p10": 0.0,
      "p50": 0.0,
      "p90": 0.2446,
      "hist": [
        10,
        0,
        2,
        0,
        0,
        0,
        0,
        0,
        0,
        0
      ],
      "pct_zero": 83.33333333333333,
      "pct_saturated": 0.0
    }
  },
  "axes_raw": {
    "accounts": {
      "n": 12,
      "mean": 22.916666666666668,
      "stdev": 15.95709208718142,
      "min": 4.0,
      "max": 56.0,
      "p10": 4.3,
      "p50": 23.0,
      "p90": 49.7,
      "hist": [
        0,
        0,
        1,
        1,
        0,
        0,
        2,
        1,
        0,
        7
      ],
      "pct_at_max": 58.333333333333336
    },
    "platforms": {
      "n": 12,
      "mean": 18.75,
      "stdev": 12.920209680257445,
      "min": 4.0,
      "max": 45.0,
      "p10": 4.0,
      "p50": 19.5,
      "p90": 40.2,
      "hist": [
        0,
        0,
        0,
        0,
        2,
        0,
        0,
        1,
        1,
        8
      ],
      "pct_at_max": 58.333333333333336
    },
    "username_reuse": {
      "n": 12,
      "mean": 1.25,
      "stdev": 0.621581560508061,
      "min": 1.0,
      "max": 3.0,
      "p10": 1.0,
      "p50": 1.0,
      "p90": 2.7,
      "hist": [
        0,
        0,
        10,
        0,
        1,
        0,
        1,
        0,
        0,
        0
      ],
      "pct_at_max": 0.0
    },
    "breaches": {
      "n": 12,
      "mean": 2.0833333333333335,
      "stdev": 1.0836246694508316,
      "min": 0.0,
      "max": 3.0,
      "p10": 0.0,
      "p50": 2.0,
      "p90": 3.0,
      "hist": [
        2,
        0,
        0,
        0,
        5,
        0,
        5,
        0,
        0,
        0
      ],
      "pct_at_max": 0.0
    },
    "geo_spread": {
      "n": 12,
      "mean": 2.6333333333333333,
      "stdev": 1.3422053313540188,
      "min": 1.25,
      "max": 5.25,
      "p10": 1.25,
      "p50": 2.25,
      "p90": 4.95,
      "hist": [
        0,
        0,
        3,
        1,
        3,
        1,
        1,
        0,
        2,
        1
      ],
      "pct_at_max": 8.333333333333334
    },
    "data_leaked": {
      "n": 12,
      "mean": 1.0833333333333333,
      "stdev": 1.3113721705515067,
      "min": 0.0,
      "max": 4.0,
      "p10": 0.0,
      "p50": 1.0,
      "p90": 3.7,
      "hist": [
        5,
        4,
        1,
        1,
        0,
        1,
        0,
        0,
        0,
        0
      ],
      "pct_at_max": 0.0
    },
    "email_age": {
      "n": 12,
      "mean": 10.675,
      "stdev": 6.579047319814902,
      "min": 0.0,
      "max": 18.2,
      "p10": 0.0,
      "p50": 13.25,
      "p90": 17.03,
      "hist": [
        3,
        0,
        0,
        0,
        0,
        0,
        0,
        0,
        4,
        5
      ],
      "pct_at_max": 8.333333333333334
    },
    "security": {
      "n": 12,
      "mean": 0.25,
      "stdev": 0.8660254037844386,
      "min": 0.0,
      "max": 3.0,
      "p10": 0.0,
      "p50": 0.0,
      "p90": 2.1,
      "hist": [
        11,
        0,
        0,
        0,
        0,
        0,
        0,
        1,
        0,
        0
      ],
      "pct_at_max": 0.0
    },
    "public_exposure": {
      "n": 12,
      "mean": 0.04016666666666667,
      "stdev": 0.09388758590931384,
      "min": 0.0,
      "max": 0.25,
      "p10": 0.0,
      "p50": 0.0,
      "p90": 0.2446,
      "hist": [
        10,
        0,
        2,
        0,
        0,
        0,
        0,
        0,
        0,
        0
      ],
      "pct_at_max": 0.0
    }
  },
  "rich_targets": {
    "3": 12,
    "5": 11,
    "7": 8,
    "9": 0
  },
  "similarity": {
    "total_pairs": 66,
    "mean": 0.8761590909090909,
    "stdev": 0.09973885436443548,
    "above": {
      "0.5": {
        "count": 66,
        "pct": 100.0
      },
      "0.6": {
        "count": 66,
        "pct": 100.0
      },
      "0.7": {
        "count": 62,
        "pct": 93.93939393939394
      },
      "0.8": {
        "count": 47,
        "pct": 71.21212121212122
      },
      "0.9": {
        "count": 31,
        "pct": 46.96969696969697
      }
    },
    "hist": [
      0,
      0,
      0,
      0,
      0,
      0,
      4,
      15,
      16,
      31
    ]
  },
  "top_pairs": [
    {
      "rank": 1,
      "sim": 0.9954,
      "a": {
        "id": "bc3ebc3c-2c45-4818-8113-85ed01dc9de4",