{
  "version": "S143-v1",
  "workspace": {
    "slug": "bgl-bnp-paribas",
    "name": "BGL BNP Paribas",
    "id": "fbef7faa-f844-415b-9af8-6a1ea9912447"
  },
  "summary": {
    "n_total": 47,
    "n_with_fingerprint": 47,
    "n_extractable": 47
  },
  "axes_normalized": {
    "accounts": {
      "n": 47,
      "mean": 0.4818723404255319,
      "stdev": 0.05963316010018054,
      "min": 0.333,
      "max": 0.583,
      "p10": 0.383,
      "p50": 0.5,
      "p90": 0.5364000000000001,
      "hist": [
        0,
        0,
        0,
        7,
        14,
        26,
        0,
        0,
        0,
        0
      ],
      "pct_zero": 0.0,
      "pct_saturated": 0.0
    },
    "platforms": {
      "n": 47,
      "mean": 0.3148936170212766,
      "stdev": 0.01976737985161324,
      "min": 0.26,
      "max": 0.34,
      "p10": 0.28,
      "p50": 0.32,
      "p90": 0.34,
      "hist": [
        0,
        0,
        17,
        30,
        0,
        0,
        0,
        0,
        0,
        0
      ],
      "pct_zero": 0.0,
      "pct_saturated": 0.0
    },
    "username_reuse": {
      "n": 47,
      "mean": 0.5,
      "stdev": 0.17569736827110216,
      "min": 0.1,
      "max": 0.6,
      "p10": 0.1,
      "p50": 0.6,
      "p90": 0.6,
      "hist": [
        0,
        5,
        6,
        0,
        0,
        36,
        0,
        0,
        0,
        0
      ],
      "pct_zero": 0.0,
      "pct_saturated": 0.0
    },
    "breaches": {
      "n": 47,
      "mean": 0.6085106382978723,
      "stdev": 0.040805941777715765,
      "min": 0.6,
      "max": 0.8,
      "p10": 0.6,
      "p50": 0.6,
      "p90": 0.6,
      "hist": [
        0,
        0,
        0,
        0,
        0,
        45,
        0,
        0,
        2,
        0
      ],
      "pct_zero": 0.0,
      "pct_saturated": 0.0
    },
    "geo_spread": {
      "n": 47,
      "mean": 0.30872340425531913,
      "stdev": 0.008751899489873673,
      "min": 0.25,
      "max": 0.31,
      "p10": 0.31,
      "p50": 0.31,
      "p90": 0.31,
      "hist": [
        0,
        0,
        1,
        46,
        0,
        0,
        0,
        0,
        0,
        0
      ],
      "pct_zero": 0.0,
      "pct_saturated": 0.0
    },
    "data_leaked": {
      "n": 47,
      "mean": 0.009361702127659575,
      "stdev": 0.025315767154186646,
      "min": 0.0,
      "max": 0.12,
      "p10": 0.0,
      "p50": 0.0,
      "p90": 0.04,
      "hist": [
        46,
        1,
        0,
        0,
        0,
        0,
        0,
        0,
        0,
        0
      ],
      "pct_zero": 85.1063829787234,
      "pct_saturated": 0.0
    },
    "email_age": {
      "n": 47,
      "mean": 0.05497872340425532,
      "stdev": 0.09455559426618039,
      "min": 0.0,
      "max": 0.31,
      "p10": 0.0,
      "p50": 0.0,
      "p90": 0.24059999999999998,
      "hist": [
        37,
        5,
        3,
        2,
        0,
        0,
        0,
        0,
        0,
        0
      ],
      "pct_zero": 55.319148936170215,
      "pct_saturated": 0.0
    },
    "security": {
      "n": 47,
      "mean": 0.25,
      "stdev": 0.0,
      "min": 0.25,
      "max": 0.25,
      "p10": 0.25,
      "p50": 0.25,
      "p90": 0.25,
      "hist": [
        0,
        0,
        47,
        0,
        0,
        0,
        0,
        0,
        0,
        0
      ],
      "pct_zero": 0.0,
      "pct_saturated": 0.0
    },
    "public_exposure": {
      "n": 47,
      "mean": 0.0884468085106383,
      "stdev": 0.1250596046605531,
      "min": 0.0,
      "max": 0.35,
      "p10": 0.0,
      "p50": 0.0,
      "p90": 0.29179999999999995,
      "hist": [
        28,
        8,
        7,
        4,
        0,
        0,
        0,
        0,
        0,
        0
      ],
      "pct_zero": 59.57446808510638,
      "pct_saturated": 0.0
    },
    "formal_records": {
      "n": 47,
      "mean": 0.0,
      "stdev": 0.0,
      "min": 0.0,
      "max": 0.0,
      "p10": 0.0,
      "p50": 0.0,
      "p90": 0.0,
      "hist": [
        47,
        0,
        0,
        0,
        0,
        0,
        0,
        0,
        0,
        0
      ],
      "pct_zero": 100.0,
      "pct_saturated": 0.0
    },
    "network_signature": {
      "n": 47,
      "mean": 0.8251489361702127,
      "stdev": 0.005963580495132436,
      "min": 0.806,
      "max": 0.832,
      "p10": 0.8155999999999999,
      "p50": 0.827,
      "p90": 0.8301999999999999,
      "hist": [
        0,
        0,
        0,
        0,
        0,
        0,
        0,
        0,
        47,
        0
      ],
      "pct_zero": 0.0,
      "pct_saturated": 0.0
    }
  },
  "axes_raw": {
    "accounts": {
      "n": 47,
      "mean": 28.914893617021278,
      "stdev": 3.5742423169967847,
      "min": 20.0,
      "max": 35.0,
      "p10": 23.0,
      "p50": 30.0,
      "p90": 32.2,
      "hist": [
        0,
        0,
        0,
        7,
        14,
        26,
        0,
        0,
        0,
        0
      ],
      "pct_at_max": 0.0
    },
    "platforms": {
      "n": 47,
      "mean": 15.74468085106383,
      "stdev": 0.9883689925806617,
      "min": 13.0,
      "max": 17.0,
      "p10": 14.0,
      "p50": 16.0,
      "p90": 17.0,
      "hist": [
        0,
        0,
        5,
        42,
        0,
        0,
        0,
        0,
        0,
        0
      ],
      "pct_at_max": 0.0
    },
    "username_reuse": {
      "n": 47,
      "mean": 5.0,
      "stdev": 1.7569736827110218,
      "min": 1.0,
      "max": 6.0,
      "p10": 1.0,
      "p50": 6.0,
      "p90": 6.0,
      "hist": [
        0,
        5,
        1,
        5,
        0,
        3,
        33,
        0,
        0,
        0
      ],
      "pct_at_max": 0.0
    },
    "breaches": {
      "n": 47,
      "mean": 3.0425531914893615,
      "stdev": 0.20402970888857874,
      "min": 3.0,
      "max": 4.0,
      "p10": 3.0,
      "p50": 3.0,
      "p90": 3.0,
      "hist": [
        0,
        0,
        0,
        0,
        0,
        0,
        45,
        0,
        2,
        0
      ],
      "pct_at_max": 0.0
    },
    "geo_spread": {
      "n": 47,
      "mean": 1.5436170212765958,
      "stdev": 0.04375949744936837,
      "min": 1.25,
      "max": 1.55,
      "p10": 1.55,
      "p50": 1.55,
      "p90": 1.55,
      "hist": [
        0,
        0,
        1,
        46,
        0,
        0,
        0,
        0,
        0,
        0
      ],
      "pct_at_max": 0.0
    },
    "data_leaked": {
      "n": 47,
      "mean": 0.23404255319148937,
      "stdev": 0.6328941788546661,
      "min": 0.0,
      "max": 3.0,
      "p10": 0.0,
      "p50": 0.0,
      "p90": 1.0,
      "hist": [
        46,
        1,
        0,
        0,
        0,
        0,
        0,
        0,
        0,
        0
      ],
      "pct_at_max": 0.0
    },
    "email_age": {
      "n": 47,
      "mean": 2.2,
      "stdev": 3.7832008531998635,
      "min": 0.0,
      "max": 12.4,
      "p10": 0.0,
      "p50": 0.0,
      "p90": 9.620000000000001,
      "hist": [
        37,
        5,
        3,
        2,
        0,
        0,
        0,
        0,
        0,
        0
      ],
      "pct_at_max": 0.0
    },
    "security": {
      "n": 47,
      "mean": 1.0,
      "stdev": 0.0,
      "min": 1.0,
      "max": 1.0,
      "p10": 1.0,
      "p50": 1.0,
      "p90": 1.0,
      "hist": [
        0,
        0,
        47,
        0,
        0,
        0,
        0,
        0,
        0,
        0
      ],
      "pct_at_max": 0.0
    },
    "public_exposure": {
      "n": 47,
      "mean": 0.0884468085106383,
      "stdev": 0.1250596046605531,
      "min": 0.0,
      "max": 0.35,
      "p10": 0.0,
      "p50": 0.0,
      "p90": 0.29179999999999995,
      "hist": [
        28,
        8,
        7,
        4,
        0,
        0,
        0,
        0,
        0,
        0
      ],
      "pct_at_max": 0.0
    },
    "formal_records": {
      "n": 47,
      "mean": 0.0,
      "stdev": 0.0,
      "min": 0.0,
      "max": 0.0,