{
  "version": "S143-v1",
  "workspace": {
    "slug": "default",
    "name": "Default",
    "id": "32f8ec0e-d03e-4f79-9daa-4e2815fa0cbb"
  },
  "summary": {
    "n_total": 13,
    "n_with_fingerprint": 13,
    "n_extractable": 13
  },
  "axes_normalized": {
    "accounts": {
      "n": 13,
      "mean": 0.48584615384615387,
      "stdev": 0.11699419227312535,
      "min": 0.25,
      "max": 0.7,
      "p10": 0.27,
      "p50": 0.5,
      "p90": 0.6531999999999999,
      "hist": [
        0,
        0,
        2,
        0,
        3,
        7,
        1,
        0,
        0,
        0
      ],
      "pct_zero": 0.0,
      "pct_saturated": 0.0
    },
    "platforms": {
      "n": 13,
      "mean": 0.29846153846153844,
      "stdev": 0.06555483122879577,
      "min": 0.18,
      "max": 0.42,
      "p10": 0.188,
      "p50": 0.3,
      "p90": 0.396,
      "hist": [
        0,
        1,
        6,
        5,
        1,
        0,
        0,
        0,
        0,
        0
      ],
      "pct_zero": 0.0,
      "pct_saturated": 0.0
    },
    "username_reuse": {
      "n": 13,
      "mean": 0.5153846153846153,
      "stdev": 0.18187062180825983,
      "min": 0.0,
      "max": 0.7,
      "p10": 0.12,
      "p50": 0.6,
      "p90": 0.6599999999999999,
      "hist": [
        1,
        0,
        1,
        0,
        0,
        10,
        1,
        0,
        0,
        0
      ],
      "pct_zero": 7.6923076923076925,
      "pct_saturated": 0.0
    },
    "breaches": {
      "n": 13,
      "mean": 0.5846153846153846,
      "stdev": 0.1908147174886057,
      "min": 0.2,
      "max": 0.8,
      "p10": 0.2,
      "p50": 0.6,
      "p90": 0.8,
      "hist": [
        0,
        0,
        2,
        0,
        0,
        8,
        0,
        0,
        3,
        0
      ],
      "pct_zero": 0.0,
      "pct_saturated": 0.0
    },
    "geo_spread": {
      "n": 13,
      "mean": 0.3353846153846154,
      "stdev": 0.06279800748104787,
      "min": 0.31,
      "max": 0.5,
      "p10": 0.30999999999999994,
      "p50": 0.31,
      "p90": 0.48,
      "hist": [
        0,
        0,
        0,
        11,
        1,
        1,
        0,
        0,
        0,
        0
      ],
      "pct_zero": 0.0,
      "pct_saturated": 0.0
    },
    "data_leaked": {
      "n": 13,
      "mean": 0.06153846153846154,
      "stdev": 0.07414469567970387,
      "min": 0.0,
      "max": 0.2,
      "p10": 0.0,
      "p50": 0.04,
      "p90": 0.2,
      "hist": [
        10,
        1,
        2,
        0,
        0,
        0,
        0,
        0,
        0,
        0
      ],
      "pct_zero": 46.15384615384615,
      "pct_saturated": 0.0
    },
    "email_age": {
      "n": 13,
      "mean": 0.05592307692307692,
      "stdev": 0.11320369659634319,
      "min": 0.0,
      "max": 0.352,
      "p10": 0.0,
      "p50": 0.0,
      "p90": 0.2904,
      "hist": [
        10,
        2,
        0,
        1,
        0,
        0,
        0,
        0,
        0,
        0
      ],
      "pct_zero": 76.92307692307692,
      "pct_saturated": 0.0
    },
    "security": {
      "n": 13,
      "mean": 0.23076923076923078,
      "stdev": 0.36028834606144605,
      "min": 0.0,
      "max": 0.75,
      "p10": 0.0,
      "p50": 0.0,
      "p90": 0.75,
      "hist": [
        9,
        0,
        0,
        0,
        0,
        0,
        0,
        4,
        0,
        0
      ],
      "pct_zero": 69.23076923076923,
      "pct_saturated": 0.0
    },
    "public_exposure": {
      "n": 13,
      "mean": 0.019230769230769232,
      "stdev": 0.06933752452815364,
      "min": 0.0,
      "max": 0.25,
      "p10": 0.0,
      "p50": 0.0,
      "p90": 0.15,
      "hist": [
        12,
        0,
        1,
        0,
        0,
        0,
        0,
        0,
        0,
        0
      ],
      "pct_zero": 92.3076923076923,
      "pct_saturated": 0.0
    }
  },
  "axes_raw": {
    "accounts": {
      "n": 13,
      "mean": 29.153846153846153,
      "stdev": 7.021943627493196,
      "min": 15.0,
      "max": 42.0,
      "p10": 16.2,
      "p50": 30.0,
      "p90": 39.2,
      "hist": [
        0,
        0,
        1,
        1,
        3,
        7,
        0,
        1,
        0,
        0
      ],
      "pct_at_max": 0.0
    },
    "platforms": {
      "n": 13,
      "mean": 14.923076923076923,
      "stdev": 3.2777415614397887,
      "min": 9.0,
      "max": 21.0,
      "p10": 9.4,
      "p50": 15.0,
      "p90": 19.8,
      "hist": [
        0,
        1,
        3,
        8,
        1,
        0,
        0,
        0,
        0,
        0
      ],
      "pct_at_max": 0.0
    },
    "username_reuse": {
      "n": 13,
      "mean": 5.153846153846154,
      "stdev": 1.8187062180825984,
      "min": 0.0,
      "max": 7.0,
      "p10": 1.2,
      "p50": 6.0,
      "p90": 6.6,
      "hist": [
        1,
        0,
        0,
        1,
        0,
        3,
        7,
        1,
        0,
        0
      ],
      "pct_at_max": 0.0
    },
    "breaches": {
      "n": 13,
      "mean": 2.923076923076923,
      "stdev": 0.9540735874430285,
      "min": 1.0,
      "max": 4.0,
      "p10": 1.0,
      "p50": 3.0,
      "p90": 4.0,
      "hist": [
        0,
        0,
        2,
        0,
        0,
        0,
        8,
        0,
        3,
        0
      ],
      "pct_at_max": 0.0
    },
    "geo_spread": {
      "n": 13,
      "mean": 1.676923076923077,
      "stdev": 0.3139900374052393,
      "min": 1.55,
      "max": 2.5,
      "p10": 1.55,
      "p50": 1.55,
      "p90": 2.4,
      "hist": [
        0,
        0,
        0,
        11,
        1,
        1,
        0,
        0,
        0,
        0
      ],
      "pct_at_max": 0.0
    },
    "data_leaked": {
      "n": 13,
      "mean": 1.5384615384615385,
      "stdev": 1.8536173919925967,
      "min": 0.0,
      "max": 5.0,
      "p10": 0.0,
      "p50": 1.0,
      "p90": 5.0,
      "hist": [
        10,
        1,
        2,
        0,
        0,
        0,
        0,
        0,
        0,
        0
      ],
      "pct_at_max": 0.0
    },
    "email_age": {
      "n": 13,
      "mean": 2.2384615384615385,
      "stdev": 4.532206685037371,
      "min": 0.0,
      "max": 14.1,
      "p10": 0.0,
      "p50": 0.0,
      "p90": 11.62,
      "hist": [
        10,
        2,
        0,
        1,
        0,
        0,
        0,
        0,
        0,
        0
      ],
      "pct_at_max": 0.0
    },
    "security": {
      "n": 13,
      "mean": 0.9230769230769231,
      "stdev": 1.4411533842457842,
      "min": 0.0,
      "max": 3.0,
      "p10": 0.0,
      "p50": 0.0,
      "p90": 3.0,
      "hist": [
        9,
        0,
        0,
        0,
        0,
        0,
        0,
        4,
        0,
        0
      ],
      "pct_at_max": 0.0
    },
    "public_exposure": {
      "n": 13,
      "mean": 0.019230769230769232,
      "stdev": 0.06933752452815364,
      "min": 0.0,
      "max": 0.25,
      "p10": 0.0,
      "p50": 0.0,
      "p90": 0.15,
      "hist": [
        12,
        0,
        1,
        0,
        0,
        0,
        0,
        0,
        0,
        0
      ],
      "pct_at_max": 0.0
    }
  },
  "rich_targets": {
    "3": 13,
    "5": 13,
    "7": 3,
    "9": 0
  },
  "similarity": {
    "total_pairs": 78,
    "mean": 0.8302128205128205,
    "stdev": 0.1572628144874459,
    "above": {
      "0.5": {
        "count": 78,
        "pct": 100.0
      },
      "0.6": {
        "count": 73,
        "pct": 93.58974358974359
      },
      "0.7": {
        "count": 51,
        "pct": 65.38461538461539
      },
      "0.8": {
        "count": 49,
        "pct": 62.82051282051282
      },
      "0.9": {
        "count": 38,
        "pct": 48.717948717948715
      }
    },
    "hist": [
      0,
      0,
      0,
      0,
      0,
      5,
      22,
      2,
      11,
      38
    ]
  },
  "top_pairs": [
    {
      "rank": 1,
      "sim": 1.0,
      "a": {
        "id": "92162d9b-f960-4deb-8037-fb5877ed1056",