{
  "version": "S143-v1",
  "workspace": {
    "slug": "threatconnect",
    "name": "Threatconnect",
    "id": "99fbe6bb-2209-4b48-8810-da1711751988"
  },
  "summary": {
    "n_total": 12,
    "n_with_fingerprint": 12,
    "n_extractable": 12
  },
  "axes_normalized": {
    "accounts": {
      "n": 12,
      "mean": 0.38608333333333333,
      "stdev": 0.21252185270881646,
      "min": 0.1,
      "max": 0.75,
      "p10": 0.10990000000000003,
      "p50": 0.3415,
      "p90": 0.7251000000000001,
      "hist": [
        0,
        2,
        4,
        1,
        2,
        0,
        2,
        1,
        0,
        0
      ],
      "pct_zero": 0.0,
      "pct_saturated": 0.0
    },
    "platforms": {
      "n": 12,
      "mean": 0.37666666666666665,
      "stdev": 0.23243115631137412,
      "min": 0.08,
      "max": 0.76,
      "p10": 0.08600000000000001,
      "p50": 0.35,
      "p90": 0.742,
      "hist": [
        1,
        2,
        2,
        2,
        2,
        0,
        2,
        1,
        0,
        0
      ],
      "pct_zero": 0.0,
      "pct_saturated": 0.0
    },
    "username_reuse": {
      "n": 12,
      "mean": 0.125,
      "stdev": 0.045226701686664546,
      "min": 0.1,
      "max": 0.2,
      "p10": 0.1,
      "p50": 0.1,
      "p90": 0.2,
      "hist": [
        0,
        9,
        3,
        0,
        0,
        0,
        0,
        0,
        0,
        0
      ],
      "pct_zero": 0.0,
      "pct_saturated": 0.0
    },
    "breaches": {
      "n": 12,
      "mean": 0.4666666666666667,
      "stdev": 0.24618298195866548,
      "min": 0.0,
      "max": 0.8,
      "p10": 0.0,
      "p50": 0.6,
      "p90": 0.74,
      "hist": [
        2,
        0,
        0,
        0,
        3,
        6,
        0,
        0,
        1,
        0
      ],
      "pct_zero": 16.666666666666668,
      "pct_saturated": 0.0
    },
    "geo_spread": {
      "n": 12,
      "mean": 0.3458333333333333,
      "stdev": 0.21155091084367347,
      "min": 0.25,
      "max": 1.0,
      "p10": 0.25,
      "p50": 0.27999999999999997,
      "p90": 0.8230000000000001,
      "hist": [
        0,
        0,
        6,
        4,
        1,
        0,
        0,
        0,
        0,
        1
      ],
      "pct_zero": 0.0,
      "pct_saturated": 8.333333333333334
    },
    "data_leaked": {
      "n": 12,
      "mean": 0.09666666666666666,
      "stdev": 0.07126561498217691,
      "min": 0.0,
      "max": 0.24,
      "p10": 0.0,
      "p50": 0.1,
      "p90": 0.21600000000000003,
      "hist": [
        6,
        5,
        1,
        0,
        0,
        0,
        0,
        0,
        0,
        0
      ],
      "pct_zero": 16.666666666666668,
      "pct_saturated": 0.0
    },
    "email_age": {
      "n": 12,
      "mean": 0.1585,
      "stdev": 0.15070470825727075,
      "min": 0.0,
      "max": 0.453,
      "p10": 0.0,
      "p50": 0.17250000000000001,
      "p90": 0.40920000000000006,
      "hist": [
        5,
        3,
        2,
        1,
        1,
        0,
        0,
        0,
        0,
        0
      ],
      "pct_zero": 25.0,
      "pct_saturated": 0.0
    },
    "security": {
      "n": 12,
      "mean": 0.0,
      "stdev": 0.0,
      "min": 0.0,
      "max": 0.0,
      "p10": 0.0,
      "p50": 0.0,
      "p90": 0.0,
      "hist": [
        12,
        0,
        0,
        0,
        0,
        0,
        0,
        0,
        0,
        0
      ],
      "pct_zero": 100.0,
      "pct_saturated": 0.0
    },
    "public_exposure": {
      "n": 12,
      "mean": 0.013166666666666667,
      "stdev": 0.04561067126598044,
      "min": 0.0,
      "max": 0.158,
      "p10": 0.0,
      "p50": 0.0,
      "p90": 0.1106,
      "hist": [
        11,
        1,
        0,
        0,
        0,
        0,
        0,
        0,
        0,
        0
      ],
      "pct_zero": 91.66666666666667,
      "pct_saturated": 0.0
    },
    "formal_records": {
      "n": 12,
      "mean": 0.0,
      "stdev": 0.0,
      "min": 0.0,
      "max": 0.0,
      "p10": 0.0,
      "p50": 0.0,
      "p90": 0.0,
      "hist": [
        12,
        0,
        0,
        0,
        0,
        0,
        0,
        0,
        0,
        0
      ],
      "pct_zero": 100.0,
      "pct_saturated": 0.0
    }
  },
  "axes_raw": {
    "accounts": {
      "n": 12,
      "mean": 23.166666666666668,
      "stdev": 12.748143061448264,
      "min": 6.0,
      "max": 45.0,
      "p10": 6.6,
      "p50": 20.5,
      "p90": 43.5,
      "hist": [
        0,
        2,
        2,
        3,
        2,
        0,
        2,
        1,
        0,
        0
      ],
      "pct_at_max": 0.0
    },
    "platforms": {
      "n": 12,
      "mean": 18.833333333333332,
      "stdev": 11.621557815568705,
      "min": 4.0,
      "max": 38.0,
      "p10": 4.3,
      "p50": 17.5,
      "p90": 37.1,
      "hist": [
        1,
        2,
        1,
        3,
        2,
        0,
        1,
        2,
        0,
        0
      ],
      "pct_at_max": 0.0
    },
    "username_reuse": {
      "n": 12,
      "mean": 1.25,
      "stdev": 0.45226701686664544,
      "min": 1.0,
      "max": 2.0,
      "p10": 1.0,
      "p50": 1.0,
      "p90": 2.0,
      "hist": [
        0,
        9,
        3,
        0,
        0,
        0,
        0,
        0,
        0,
        0
      ],
      "pct_at_max": 0.0
    },
    "breaches": {
      "n": 12,
      "mean": 2.3333333333333335,
      "stdev": 1.2309149097933274,
      "min": 0.0,
      "max": 4.0,
      "p10": 0.0,
      "p50": 3.0,
      "p90": 3.7,
      "hist": [
        2,
        0,
        0,
        0,
        3,
        0,
        6,
        0,
        1,
        0
      ],
      "pct_at_max": 0.0
    },
    "geo_spread": {
      "n": 12,
      "mean": 1.8333333333333333,
      "stdev": 1.4115325863841197,
      "min": 1.25,
      "max": 6.25,
      "p10": 1.25,
      "p50": 1.4,
      "p90": 4.99,
      "hist": [
        0,
        0,
        6,
        4,
        1,
        0,
        0,
        0,
        0,
        1
      ],
      "pct_at_max": 8.333333333333334
    },
    "data_leaked": {
      "n": 12,
      "mean": 2.4166666666666665,
      "stdev": 1.781640374554423,
      "min": 0.0,
      "max": 6.0,
      "p10": 0.0,
      "p50": 2.5,
      "p90": 5.4,
      "hist": [
        6,
        5,
        1,
        0,
        0,
        0,
        0,
        0,
        0,
        0
      ],
      "pct_at_max": 0.0
    },
    "email_age": {
      "n": 12,
      "mean": 6.341666666666667,
      "stdev": 6.025319053541455,
      "min": 0.0,
      "max": 18.1,
      "p10": 0.0,
      "p50": 6.9,
      "p90": 16.360000000000003,
      "hist": [
        5,
        3,
        1,
        2,
        1,
        0,
        0,
        0,
        0,
        0
      ],
      "pct_at_max": 0.0
    },
    "security": {
      "n": 12,
      "mean": 0.0,
      "stdev": 0.0,
      "min": 0.0,
      "max": 0.0,
      "p10": 0.0,
      "p50": 0.0,
      "p90": 0.0,
      "hist": [
        12,
        0,
        0,
        0,
        0,
        0,
        0,
        0,
        0,
        0
      ],
      "pct_at_max": 0.0
    },
    "public_exposure": {
      "n": 12,
      "mean": 0.013166666666666667,
      "stdev": 0.04561067126598044,
      "min": 0.0,
      "max": 0.158,
      "p10": 0.0,
      "p50": 0.0,
      "p90": 0.1106,
      "hist": [
        11,
        1,
        0,
        0,
        0,
        0,
        0,
        0,
        0,
        0
      ],
      "pct_at_max": 0.0
    },
    "formal_records": {
      "n": 12,
      "mean": 0.0,
      "stdev": 0.0,
      "min": 0.0,
      "max": 0.0,
      "p10": 0.0,
      "p50": 0.0,
      "p90": 0.0,
      "hist": [
        12,
        0,
        0,
        0,
        0,
        0,
        0,
        0,
        0,
        0
      ],
      "pct_at_max": 0.0
    }
  },
  "rich_targets": {
    "3": 11,
    "5": 9,
    "7": 2,
    "9": 0
  },
  "similarity": {
    "total_pairs": 66,