{
  "version": "S143-v1",
  "workspace": {
    "slug": "quentin",
    "name": "Quentin",
    "id": "5f632c1c-c181-4a1f-8010-531e06626847"
  },
  "summary": {
    "n_total": 30,
    "n_with_fingerprint": 30,
    "n_extractable": 30
  },
  "axes_normalized": {
    "accounts": {
      "n": 30,
      "mean": 0.3311,
      "stdev": 0.13012629144080734,
      "min": 0.067,
      "max": 0.617,
      "p10": 0.233,
      "p50": 0.283,
      "p90": 0.528,
      "hist": [
        2,
        0,
        15,
        4,
        6,
        2,
        1,
        0,
        0,
        0
      ],
      "pct_zero": 0.0,
      "pct_saturated": 0.0
    },
    "platforms": {
      "n": 30,
      "mean": 0.272,
      "stdev": 0.06093523979009077,
      "min": 0.08,
      "max": 0.38,
      "p10": 0.24000000000000005,
      "p50": 0.28,
      "p90": 0.33799999999999997,
      "hist": [
        1,
        1,
        22,
        6,
        0,
        0,
        0,
        0,
        0,
        0
      ],
      "pct_zero": 0.0,
      "pct_saturated": 0.0
    },
    "username_reuse": {
      "n": 30,
      "mean": 0.25333333333333335,
      "stdev": 0.22550071998253945,
      "min": 0.0,
      "max": 0.7,
      "p10": 0.1,
      "p50": 0.1,
      "p90": 0.5999999999999999,
      "hist": [
        1,
        16,
        5,
        0,
        1,
        5,
        2,
        0,
        0,
        0
      ],
      "pct_zero": 3.3333333333333335,
      "pct_saturated": 0.0
    },
    "breaches": {
      "n": 30,
      "mean": 0.6533333333333333,
      "stdev": 0.20296650536196997,
      "min": 0.0,
      "max": 0.8,
      "p10": 0.5999999999999999,
      "p50": 0.6,
      "p90": 0.8,
      "hist": [
        2,
        0,
        0,
        0,
        0,
        14,
        0,
        0,
        14,
        0
      ],
      "pct_zero": 6.666666666666667,
      "pct_saturated": 0.0
    },
    "geo_spread": {
      "n": 30,
      "mean": 0.26,
      "stdev": 0.11551981469084383,
      "min": 0.0,
      "max": 0.45,
      "p10": 0.025,
      "p50": 0.25,
      "p90": 0.45,
      "hist": [
        3,
        0,
        22,
        0,
        5,
        0,
        0,
        0,
        0,
        0
      ],
      "pct_zero": 10.0,
      "pct_saturated": 0.0
    },
    "data_leaked": {
      "n": 30,
      "mean": 0.10933333333333334,
      "stdev": 0.14246435327485607,
      "min": 0.0,
      "max": 0.68,
      "p10": 0.0,
      "p50": 0.06000000000000001,
      "p90": 0.2760000000000001,
      "hist": [
        17,
        7,
        5,
        0,
        0,
        0,
        1,
        0,
        0,
        0
      ],
      "pct_zero": 33.333333333333336,
      "pct_saturated": 0.0
    },
    "email_age": {
      "n": 30,
      "mean": 0.10866666666666666,
      "stdev": 0.13861764164316404,
      "min": 0.0,
      "max": 0.447,
      "p10": 0.0,
      "p50": 0.013000000000000001,
      "p90": 0.3455,
      "hist": [
        18,
        4,
        4,
        3,
        1,
        0,
        0,
        0,
        0,
        0
      ],
      "pct_zero": 46.666666666666664,
      "pct_saturated": 0.0
    },
    "security": {
      "n": 30,
      "mean": 0.5083333333333333,
      "stdev": 0.3248562900659341,
      "min": 0.0,
      "max": 0.75,
      "p10": 0.0,
      "p50": 0.75,
      "p90": 0.75,
      "hist": [
        7,
        0,
        3,
        0,
        0,
        2,
        0,
        18,
        0,
        0
      ],
      "pct_zero": 23.333333333333332,
      "pct_saturated": 0.0
    },
    "public_exposure": {
      "n": 30,
      "mean": 0.0,
      "stdev": 0.0,
      "min": 0.0,
      "max": 0.0,
      "p10": 0.0,
      "p50": 0.0,
      "p90": 0.0,
      "hist": [
        30,
        0,
        0,
        0,
        0,
        0,
        0,
        0,
        0,
        0
      ],
      "pct_zero": 100.0,
      "pct_saturated": 0.0
    },
    "formal_records": {
      "n": 30,
      "mean": 0.0,
      "stdev": 0.0,
      "min": 0.0,
      "max": 0.0,
      "p10": 0.0,
      "p50": 0.0,
      "p90": 0.0,
      "hist": [
        30,
        0,
        0,
        0,
        0,
        0,
        0,
        0,
        0,
        0
      ],
      "pct_zero": 100.0,
      "pct_saturated": 0.0
    }
  },
  "axes_raw": {
    "accounts": {
      "n": 30,
      "mean": 19.866666666666667,
      "stdev": 7.806864059068891,
      "min": 4.0,
      "max": 37.0,
      "p10": 14.0,
      "p50": 17.0,
      "p90": 31.7,
      "hist": [
        2,
        0,
        15,
        4,
        6,
        1,
        2,
        0,
        0,
        0
      ],
      "pct_at_max": 0.0
    },
    "platforms": {
      "n": 30,
      "mean": 13.6,
      "stdev": 3.046761989504539,
      "min": 4.0,
      "max": 19.0,
      "p10": 12.0,
      "p50": 14.0,
      "p90": 16.9,
      "hist": [
        1,
        1,
        17,
        11,
        0,
        0,
        0,
        0,
        0,
        0
      ],
      "pct_at_max": 0.0
    },
    "username_reuse": {
      "n": 30,
      "mean": 2.533333333333333,
      "stdev": 2.255007199825395,
      "min": 0.0,
      "max": 7.0,
      "p10": 1.0,
      "p50": 1.0,
      "p90": 6.0,
      "hist": [
        1,
        16,
        3,
        2,
        1,
        0,
        5,
        2,
        0,
        0
      ],
      "pct_at_max": 0.0
    },
    "breaches": {
      "n": 30,
      "mean": 3.2666666666666666,
      "stdev": 1.0148325268098497,
      "min": 0.0,
      "max": 4.0,
      "p10": 3.0,
      "p50": 3.0,
      "p90": 4.0,
      "hist": [
        2,
        0,
        0,
        0,
        0,
        0,
        14,
        0,
        14,
        0
      ],
      "pct_at_max": 0.0
    },
    "geo_spread": {
      "n": 30,
      "mean": 1.3,
      "stdev": 0.5775990734542191,
      "min": 0.0,
      "max": 2.25,
      "p10": 0.125,
      "p50": 1.25,
      "p90": 2.25,
      "hist": [
        3,
        0,
        21,
        1,
        5,
        0,
        0,
        0,
        0,
        0
      ],
      "pct_at_max": 0.0
    },
    "data_leaked": {
      "n": 30,
      "mean": 2.7333333333333334,
      "stdev": 3.561608831871401,
      "min": 0.0,
      "max": 17.0,
      "p10": 0.0,
      "p50": 1.5,
      "p90": 6.9,
      "hist": [
        17,
        7,
        5,
        0,
        0,
        0,
        1,
        0,
        0,
        0
      ],
      "pct_at_max": 0.0
    },
    "email_age": {
      "n": 30,
      "mean": 4.343333333333334,
      "stdev": 5.543351614902015,
      "min": 0.0,
      "max": 17.9,
      "p10": 0.0,
      "p50": 0.5,
      "p90": 13.8,
      "hist": [
        18,
        4,
        4,
        3,
        1,
        0,
        0,
        0,
        0,
        0
      ],
      "pct_at_max": 0.0
    },
    "security": {
      "n": 30,
      "mean": 2.033333333333333,
      "stdev": 1.2994251602637363,
      "min": 0.0,
      "max": 3.0,
      "p10": 0.0,
      "p50": 3.0,
      "p90": 3.0,
      "hist": [
        7,
        0,
        3,
        0,
        0,
        2,
        0,
        18,
        0,
        0
      ],
      "pct_at_max": 0.0
    },
    "public_exposure": {
      "n": 30,
      "mean": 0.0,
      "stdev": 0.0,
      "min": 0.0,
      "max": 0.0,
      "p10": 0.0,
      "p50": 0.0,
      "p90": 0.0,
      "hist": [
        30,
        0,
        0,
        0,
        0,
        0,
        0,
        0,
        0,
        0
      ],
      "pct_at_max": 0.0
    },
    "formal_records": {
      "n": 30,
      "mean": 0.0,
      "stdev": 0.0,
      "min": 0.0,
      "max": 0.0,
      "p10": 0.0,
      "p50": 0.0,
      "p90": 0.0,
      "hist": [
        30,
        0,
        0,
        0,
        0,
        0,
        0,
        0,
        0,
        0
      ],
      "pct_at_max": 0.0
    }
  },
  "rich_targets": {
    "3": 28,
    "5": 26,
    "7": 12,
    "9": 0
  },
  "similarity": {
    "total_pairs": 435,
    "mean": 0.7997103448275862,
    "stdev": 0.17790554387794538,