{
  "version": "S143-v1",
  "workspace": {
    "slug": "kpmg",
    "name": "KPMG",
    "id": "ad96117e-ffff-487b-a05b-119f2cccc976"
  },
  "summary": {
    "n_total": 3,
    "n_with_fingerprint": 2,
    "n_extractable": 2
  },
  "axes_normalized": {
    "accounts": {
      "n": 2,
      "mean": 0.5665,
      "stdev": 0.02333452377915601,
      "min": 0.55,
      "max": 0.583,
      "p10": 0.5269000000000001,
      "p50": 0.5665,
      "p90": 0.6060999999999999,
      "hist": [
        0,
        0,
        0,
        0,
        0,
        2,
        0,
        0,
        0,
        0
      ],
      "pct_zero": 0.0,
      "pct_saturated": 0.0
    },
    "platforms": {
      "n": 2,
      "mean": 0.34,
      "stdev": 0.0,
      "min": 0.34,
      "max": 0.34,
      "p10": 0.33999999999999997,
      "p50": 0.34,
      "p90": 0.33999999999999997,
      "hist": [
        0,
        0,
        0,
        2,
        0,
        0,
        0,
        0,
        0,
        0
      ],
      "pct_zero": 0.0,
      "pct_saturated": 0.0
    },
    "username_reuse": {
      "n": 2,
      "mean": 0.7,
      "stdev": 0.0,
      "min": 0.7,
      "max": 0.7,
      "p10": 0.7,
      "p50": 0.7,
      "p90": 0.7,
      "hist": [
        0,
        0,
        0,
        0,
        0,
        0,
        2,
        0,
        0,
        0
      ],
      "pct_zero": 0.0,
      "pct_saturated": 0.0
    },
    "breaches": {
      "n": 2,
      "mean": 0.7,
      "stdev": 0.14142135623730956,
      "min": 0.6,
      "max": 0.8,
      "p10": 0.45999999999999985,
      "p50": 0.7,
      "p90": 0.9400000000000002,
      "hist": [
        0,
        0,
        0,
        0,
        0,
        1,
        0,
        0,
        1,
        0
      ],
      "pct_zero": 0.0,
      "pct_saturated": 0.0
    },
    "geo_spread": {
      "n": 2,
      "mean": 0.31,
      "stdev": 0.0,
      "min": 0.31,
      "max": 0.31,
      "p10": 0.30999999999999994,
      "p50": 0.31,
      "p90": 0.30999999999999994,
      "hist": [
        0,
        0,
        0,
        2,
        0,
        0,
        0,
        0,
        0,
        0
      ],
      "pct_zero": 0.0,
      "pct_saturated": 0.0
    },
    "data_leaked": {
      "n": 2,
      "mean": 0.08,
      "stdev": 0.0,
      "min": 0.08,
      "max": 0.08,
      "p10": 0.08,
      "p50": 0.08,
      "p90": 0.08,
      "hist": [
        2,
        0,
        0,
        0,
        0,
        0,
        0,
        0,
        0,
        0
      ],
      "pct_zero": 0.0,
      "pct_saturated": 0.0
    },
    "email_age": {
      "n": 2,
      "mean": 0.0,
      "stdev": 0.0,
      "min": 0.0,
      "max": 0.0,
      "p10": 0.0,
      "p50": 0.0,
      "p90": 0.0,
      "hist": [
        2,
        0,
        0,
        0,
        0,
        0,
        0,
        0,
        0,
        0
      ],
      "pct_zero": 100.0,
      "pct_saturated": 0.0
    },
    "security": {
      "n": 2,
      "mean": 0.25,
      "stdev": 0.0,
      "min": 0.25,
      "max": 0.25,
      "p10": 0.25,
      "p50": 0.25,
      "p90": 0.25,
      "hist": [
        0,
        0,
        2,
        0,
        0,
        0,
        0,
        0,
        0,
        0
      ],
      "pct_zero": 0.0,
      "pct_saturated": 0.0
    },
    "public_exposure": {
      "n": 2,
      "mean": 0.0,
      "stdev": 0.0,
      "min": 0.0,
      "max": 0.0,
      "p10": 0.0,
      "p50": 0.0,
      "p90": 0.0,
      "hist": [
        2,
        0,
        0,
        0,
        0,
        0,
        0,
        0,
        0,
        0
      ],
      "pct_zero": 100.0,
      "pct_saturated": 0.0
    },
    "formal_records": {
      "n": 2,
      "mean": 0.3,
      "stdev": 0.4242640687119285,
      "min": 0.0,
      "max": 0.6,
      "p10": -0.42000000000000004,
      "p50": 0.3,
      "p90": 1.02,
      "hist": [
        1,
        0,
        0,
        0,
        0,
        1,
        0,
        0,
        0,
        0
      ],
      "pct_zero": 50.0,
      "pct_saturated": 0.0
    },
    "network_signature": {
      "n": 2,
      "mean": 0.817,
      "stdev": 0.0014142135623730963,
      "min": 0.816,
      "max": 0.818,
      "p10": 0.8146000000000001,
      "p50": 0.817,
      "p90": 0.8193999999999999,
      "hist": [
        0,
        0,
        0,
        0,
        0,
        0,
        0,
        0,
        2,
        0
      ],
      "pct_zero": 0.0,
      "pct_saturated": 0.0
    }
  },
  "axes_raw": {
    "accounts": {
      "n": 2,
      "mean": 34.0,
      "stdev": 1.4142135623730951,
      "min": 33.0,
      "max": 35.0,
      "p10": 31.6,
      "p50": 34.0,
      "p90": 36.4,
      "hist": [
        0,
        0,
        0,
        0,
        0,
        2,
        0,
        0,
        0,
        0
      ],
      "pct_at_max": 0.0
    },
    "platforms": {
      "n": 2,
      "mean": 17.0,
      "stdev": 0.0,
      "min": 17.0,
      "max": 17.0,
      "p10": 17.0,
      "p50": 17.0,
      "p90": 17.0,
      "hist": [
        0,
        0,
        0,
        2,
        0,
        0,
        0,
        0,
        0,
        0
      ],
      "pct_at_max": 0.0
    },
    "username_reuse": {
      "n": 2,
      "mean": 7.0,
      "stdev": 0.0,
      "min": 7.0,
      "max": 7.0,
      "p10": 7.0,
      "p50": 7.0,
      "p90": 7.0,
      "hist": [
        0,
        0,
        0,
        0,
        0,
        0,
        0,
        2,
        0,
        0
      ],
      "pct_at_max": 0.0
    },
    "breaches": {
      "n": 2,
      "mean": 3.5,
      "stdev": 0.7071067811865476,
      "min": 3.0,
      "max": 4.0,
      "p10": 2.3,
      "p50": 3.5,
      "p90": 4.7,
      "hist": [
        0,
        0,
        0,
        0,
        0,
        0,
        1,
        0,
        1,
        0
      ],
      "pct_at_max": 0.0
    },
    "geo_spread": {
      "n": 2,
      "mean": 1.55,
      "stdev": 0.0,
      "min": 1.55,
      "max": 1.55,
      "p10": 1.5500000000000003,
      "p50": 1.55,
      "p90": 1.5500000000000003,
      "hist": [
        0,
        0,
        0,
        2,
        0,
        0,
        0,
        0,
        0,
        0
      ],
      "pct_at_max": 0.0
    },
    "data_leaked": {
      "n": 2,
      "mean": 2.0,
      "stdev": 0.0,
      "min": 2.0,
      "max": 2.0,
      "p10": 2.0,
      "p50": 2.0,
      "p90": 2.0,
      "hist": [
        2,
        0,
        0,
        0,
        0,
        0,
        0,
        0,
        0,
        0
      ],
      "pct_at_max": 0.0
    },
    "email_age": {
      "n": 2,
      "mean": 0.0,
      "stdev": 0.0,
      "min": 0.0,
      "max": 0.0,
      "p10": 0.0,
      "p50": 0.0,
      "p90": 0.0,
      "hist": [
        2,
        0,
        0,
        0,
        0,
        0,
        0,
        0,
        0,
        0
      ],
      "pct_at_max": 0.0
    },
    "security": {
      "n": 2,
      "mean": 1.0,
      "stdev": 0.0,
      "min": 1.0,
      "max": 1.0,
      "p10": 1.0,
      "p50": 1.0,
      "p90": 1.0,
      "hist": [
        0,
        0,
        2,
        0,
        0,
        0,
        0,
        0,
        0,
        0
      ],
      "pct_at_max": 0.0
    },
    "public_exposure": {
      "n": 2,
      "mean": 0.0,
      "stdev": 0.0,
      "min": 0.0,
      "max": 0.0,
      "p10": 0.0,
      "p50": 0.0,
      "p90": 0.0,
      "hist": [
        2,
        0,
        0,
        0,
        0,
        0,
        0,
        0,
        0,
        0
      ],
      "pct_at_max": 0.0
    },
    "formal_records": {
      "n": 2,
      "mean": 1.5,
      "stdev": 2.1213203435596424,
      "min": 0.0,
      "max": 3.0,
      "p10": -2.1,
      "p50": 1.5,
      "p90": 5.1,
      "hist": [
        1,
        0,
        0,
        0,
        0,
        0,
        1,
        0,
        0,
        0
      ],
      "pct_at_max": 0.0
    },
    "network_signature": {
      "n": 2,
      "mean": 0.817,
      "stdev": 0.0014142135623730963,
      "min": 0.816,
      "max": 0.818,